"ID","Description","GeneRatio","BgRatio","RichFactor","FoldEnrichment","zScore","pvalue","p.adjust","qvalue","geneID","Count"
"GO:0032101","regulation of response to external stimulus","59/268","449/4243",0.131403118040089,2.0803859322541,6.28546757638134,1.24011428136412e-08,3.71414227268553e-05,3.20341099628162e-05,"HLA-A/S100A9/HLA-B/ANXA1/CD55/ANXA2/STAT3/OAS1/EP300/PRKCD/F3/ISG15/RIPOR2/PRKDC/CD300E/NAIP/ALOX5AP/CASP4/MYD88/IL18RAP/KLK7/BIRC3/TNFRSF1B/FFAR2/TNFAIP6/CD9/HLA-E/USP15/HMGB2/PIK3R1/IL1R1/ANKRD17/CEACAM1/DDX60/IRAK3/PELI1/IER3/NT5C2/TRIB1/CD74/C3AR1/PARP9/CXCR4/STAT1/FGR/OAS3/N4BP1/ADAM10/PDCD4/OXSR1/XRCC5/NEAT1/TRIM38/ADAM17/HLA-F/NLRP3/TRAF3IP3/ETS1/ALOX5",59
"GO:0140546","defense response to symbiont","60/268","478/4243",0.125523012552301,1.98729157559483,5.94923400866002,5.23063928640484e-08,7.83288233139125e-05,6.75578358359867e-05,"HLA-A/B2M/HLA-C/S100A9/HLA-B/ANXA1/OAS2/IFITM1/CD55/IFI6/IFI27/LYST/OAS1/EP300/IFITM3/ISG15/IFIT3/PRKDC/SAMD9/CD300E/NAIP/NCF2/CASP4/MYD88/FAU/IL18RAP/ATP1B1/KLK7/BIRC3/FFAR2/IFI44L/MX1/LYZ/HLA-E/USP15/HMGB2/PIK3R1/ILF3/ANKRD17/CEACAM1/DDX60/IRAK3/PELI1/NT5C2/CD74/PARP9/TRIM8/STAT1/FGR/OAS3/N4BP1/FOSL2/RNF19B/KRT6A/XRCC5/TRIM38/HLA-F/NLRP3/TRAF3IP3/DDX60L",60
"GO:0002250","adaptive immune response","31/268","177/4243",0.175141242937853,2.7728518424825,6.25546432568467,1.09714693170282e-07,0.000100305289315156,8.65123205269814e-05,"HLA-A/B2M/HLA-C/HLA-B/ANXA1/BRD2/CD55/SAMSN1/STAT3/EP300/PRKCD/TAP1/LILRB3/MYD88/IL18RAP/PAG1/TNFRSF1B/HLA-E/FCGR2A/IL1R1/CEACAM1/FCGR3B/PRKCB/CD74/LAT2/HLA-DQB1/RNF19B/INPP5D/ADAM17/HLA-F/NLRP3",31
"GO:0001817","regulation of cytokine production","44/268","311/4243",0.141479099678457,2.23990977587945,5.89722484683273,1.51055911214763e-07,0.000100305289315156,8.65123205269814e-05,"HLA-A/B2M/HLA-B/ANXA1/OAS2/CD55/STAT3/XAF1/IL1R2/OAS1/F3/ISG15/NAIP/MYD88/TNFRSF1B/FFAR2/HLA-E/RPS3/SORL1/FCGR2A/HIF1A/HMGB2/PIK3R1/IL1R1/CEACAM1/SRGN/IRAK3/PELI1/CD74/C3AR1/STAT1/FGR/OAS3/N4BP1/PDCD4/RAD21/INPP5D/TRIM38/ADAM17/HLA-F/NLRP3/XBP1/TRAF3IP3/ALOX5",44
"GO:0001816","cytokine production","44/268","314/4243",0.140127388535032,2.21850936400799,5.82554878113036,2.00851343563867e-07,0.000100305289315156,8.65123205269814e-05,"HLA-A/B2M/HLA-B/ANXA1/OAS2/CD55/STAT3/XAF1/IL1R2/OAS1/F3/ISG15/NAIP/MYD88/TNFRSF1B/FFAR2/HLA-E/RPS3/SORL1/FCGR2A/HIF1A/HMGB2/PIK3R1/IL1R1/CEACAM1/SRGN/IRAK3/PELI1/CD74/C3AR1/STAT1/FGR/OAS3/N4BP1/PDCD4/RAD21/INPP5D/TRIM38/ADAM17/HLA-F/NLRP3/XBP1/TRAF3IP3/ALOX5",44
"GO:0019883","antigen processing and presentation of endogenous antigen","8/268","13/4243",0.615384615384615,9.74282433983927,8.1966691904281,2.23156635144071e-07,0.000100305289315156,8.65123205269814e-05,"HLA-A/B2M/HLA-C/HLA-B/TAP1/HLA-E/CD74/HLA-F",8
"GO:0050776","regulation of immune response","53/268","416/4243",0.127403846153846,2.01706910160735,5.67090089409653,2.34436402406042e-07,0.000100305289315156,8.65123205269814e-05,"HLA-A/B2M/HLA-C/S100A9/HLA-B/ANXA1/BRD2/CD55/SAMSN1/OAS1/EP300/PRKCD/ISG15/PRKDC/CD300E/NAIP/LILRB3/MYD88/IL18RAP/KLK7/BIRC3/TNFRSF1B/FFAR2/HLA-E/RPS3/USP15/FCGR2A/HMGB2/PIK3R1/CD59/IL1R1/ANKRD17/CEACAM1/DDX60/IRAK3/PELI1/FCGR3B/PRKCB/CD74/LAT2/C3AR1/PARP9/FGR/OAS3/N4BP1/HLA-DQB1/FOSL2/XRCC5/INPP5D/HLA-F/NLRP3/XBP1/TRAF3IP3",53
"GO:0002252","immune effector process","38/268","254/4243",0.149606299212598,2.36858032671289,5.84035566490138,2.80608189305428e-07,0.000105052690871219,9.06069074415157e-05,"HLA-A/B2M/HLA-C/S100A9/HLA-B/ANXA1/BRD2/CD55/STAT3/LYST/EP300/PRKCD/MYD88/IL18RAP/KLK7/TNFRSF1B/FFAR2/HLA-E/FCGR2A/PIK3R1/APBB1IP/CD59/IL1R1/ANKRD17/CEACAM1/DDX60/IRAK3/FCGR3B/CD74/LAT2/FGR/RNF19B/KMT2E/INPP5D/ADAM17/HLA-F/NLRP3/XBP1",38
"GO:0002684","positive regulation of immune system process","56/268","456/4243",0.12280701754386,1.94429169939775,5.54147149391652,3.51300208783599e-07,0.000116904902811875,0.00010082932308245,"HLA-A/B2M/HLA-C/S100A9/HLA-B/ANXA1/EVI2B/BRD2/CD55/OAS1/EP300/PRKCD/HCLS1/RIPOR2/PRKDC/NAIP/DOCK8/MYD88/AQP3/IL18RAP/KLK7/BIRC3/FFAR2/HLA-E/RPS3/USP15/HMGB2/PIK3R1/CD59/IL1R1/ANKRD17/CEACAM1/DDX60/IRAK3/PELI1/IRS2/PRKCB/TRIB1/CD74/LAT2/C3AR1/PARP9/FGR/OAS3/ADAM10/HLA-DQB1/FOSL2/OXSR1/XRCC5/INPP5D/ADAM17/HLA-F/NLRP3/XBP1/TRAF3IP3/SIRPB1",56
"GO:0050778","positive regulation of immune response","45/268","333/4243",0.135135135135135,2.13947156111335,5.62369024040961,4.20620181468078e-07,0.000125975744349689,0.000108652834244491,"HLA-A/B2M/HLA-C/S100A9/HLA-B/ANXA1/BRD2/CD55/OAS1/EP300/PRKCD/PRKDC/NAIP/MYD88/IL18RAP/KLK7/BIRC3/FFAR2/HLA-E/RPS3/USP15/HMGB2/PIK3R1/CD59/IL1R1/ANKRD17/CEACAM1/DDX60/IRAK3/PELI1/PRKCB/CD74/LAT2/C3AR1/PARP9/FGR/OAS3/HLA-DQB1/FOSL2/XRCC5/INPP5D/HLA-F/NLRP3/XBP1/TRAF3IP3",45
"GO:0045087","innate immune response","53/268","428/4243",0.123831775700935,1.96051576230995,5.44080639263574,5.98420886868827e-07,0.00016293368692474,0.000140528694390058,"HLA-A/B2M/HLA-C/S100A9/HLA-B/ANXA1/OAS2/IFITM1/CD55/IFI6/IFI27/LYST/OAS1/EP300/IFITM3/ISG15/IFIT3/PRKDC/SAMD9/CD300E/NAIP/NCF2/CASP4/MYD88/FAU/IL18RAP/ATP1B1/BIRC3/FFAR2/MX1/HLA-E/USP15/HMGB2/PIK3R1/ANKRD17/CEACAM1/DDX60/IRAK3/PELI1/CD74/PARP9/TRIM8/STAT1/FGR/OAS3/N4BP1/FOSL2/RNF19B/XRCC5/TRIM38/HLA-F/NLRP3/TRAF3IP3",53
"GO:0031347","regulation of defense response","47/268","363/4243",0.129476584022039,2.04988487315489,5.43079351506893,8.09174273348998e-07,0.000201956412390021,0.000174185409368284,"HLA-A/S100A9/HLA-B/ANXA1/STAT3/OAS1/EP300/PRKCD/ISG15/PRKDC/CD300E/NAIP/ALOX5AP/CASP4/MYD88/IL18RAP/KLK7/BIRC3/TNFRSF1B/FFAR2/TNFAIP6/HLA-E/USP15/HMGB2/PIK3R1/IL1R1/ANKRD17/CEACAM1/DDX60/IRAK3/PELI1/IER3/NT5C2/PARP9/STAT1/FGR/OAS3/N4BP1/PDCD4/XRCC5/NEAT1/TRIM38/HLA-F/NLRP3/TRAF3IP3/ETS1/ALOX5",47
"GO:0002483","antigen processing and presentation of endogenous peptide antigen","7/268","11/4243",0.636363636363636,10.0749660786974,7.82442957623253,9.84955652331346e-07,0.00020508367911556,0.000176882646006356,"HLA-A/B2M/HLA-C/HLA-B/TAP1/HLA-E/HLA-F",7
"GO:0045648","positive regulation of erythrocyte differentiation","8/268","15/4243",0.533333333333333,8.44378109452736,7.49818058696893,9.97659704009515e-07,0.00020508367911556,0.000176882646006356,"STAT3/ISG15/PRKDC/HIF1A/HMGB2/STAT1/INPP5D/ETS1",8
"GO:0001819","positive regulation of cytokine production","33/268","215/4243",0.153488372093023,2.4300416522041,5.58736893410545,1.02713027937676e-06,0.00020508367911556,0.000176882646006356,"HLA-A/B2M/ANXA1/OAS2/CD55/STAT3/OAS1/F3/ISG15/NAIP/MYD88/FFAR2/HLA-E/RPS3/SORL1/FCGR2A/HIF1A/HMGB2/PIK3R1/IL1R1/IRAK3/PELI1/CD74/C3AR1/STAT1/FGR/OAS3/RAD21/ADAM17/HLA-F/NLRP3/XBP1/TRAF3IP3",33
"GO:0002699","positive regulation of immune effector process","21/268","104/4243",0.201923076923077,3.19686423650976,5.88920046825386,1.29307152324413e-06,0.000242046825757261,0.000208762994607967,"HLA-A/B2M/HLA-C/HLA-B/ANXA1/BRD2/CD55/EP300/MYD88/IL18RAP/KLK7/FFAR2/HLA-E/IL1R1/ANKRD17/DDX60/CD74/FGR/HLA-F/NLRP3/XBP1",21
"GO:0042742","defense response to bacterium","21/268","105/4243",0.2,3.16641791044776,5.83614141160384,1.52554953972067e-06,0.000268765933615495,0.000231807961020095,"HLA-A/B2M/S100A9/OAS2/LYST/OAS1/PRKCD/ISG15/NAIP/CASP4/MYD88/FAU/KLK7/LYZ/HLA-E/HMGB2/ANKRD17/FGR/OAS3/KRT6A/ADAM17",21
"GO:0001906","cell killing","18/268","82/4243",0.219512195121951,3.47533673097925,5.87660522855176,2.14990717790141e-06,0.000357720666545263,0.000308530538863747,"HLA-A/B2M/HLA-C/HLA-B/CD55/LYST/MYD88/IL18RAP/LYZ/HLA-E/FCGR2A/PIK3R1/CD59/CEACAM1/FCGR3B/RNF19B/KRT6A/HLA-F",18
"GO:0009617","response to bacterium","36/268","254/4243",0.141732283464567,2.24391820425432,5.30836560272632,2.2793942411183e-06,0.000359304513271017,0.000309896591008549,"HLA-A/B2M/S100A9/HLA-B/OAS2/CD55/LYST/SOD2/OAS1/PRKCD/ISG15/HERC6/NAIP/CASP4/MYD88/FAU/KLK7/TNFRSF1B/FKBP5/WASL/LYZ/HLA-E/HMGB2/ANKRD17/IRAK3/IFI44/PELI1/TRIB1/FGR/OAS3/FOSL2/PDCD4/KRT6A/ADAM17/NLRP3/XBP1",36
"GO:0045639","positive regulation of myeloid cell differentiation","12/268","39/4243",0.307692307692308,4.87141216991963,6.30600808736381,2.65201329656379e-06,0.000397138991160427,0.000342528454198292,"EVI2B/STAT3/ISG15/HCLS1/PRKDC/HIF1A/HMGB2/TRIB1/CD74/STAT1/INPP5D/ETS1",12
"GO:0050830","defense response to Gram-positive bacterium","11/268","33/4243",0.333333333333333,5.2773631840796,6.40436700958656,2.89212035665122e-06,0.000412471450865258,0.00035575254913394,"HLA-A/B2M/CASP4/MYD88/FAU/LYZ/HLA-E/HMGB2/FGR/KRT6A/ADAM17",11
"GO:0045646","regulation of erythrocyte differentiation","9/268","22/4243",0.409090909090909,6.47676390773406,6.68670011974058,3.36258298105272e-06,0.000457769819466041,0.000394821944282458,"B2M/STAT3/ISG15/PRKDC/HIF1A/HMGB2/STAT1/INPP5D/ETS1",9
"GO:0045637","regulation of myeloid cell differentiation","17/268","77/4243",0.220779220779221,3.49539639465013,5.7373247857287,3.82376857875391e-06,0.000489400557231543,0.000422103142938654,"B2M/EVI2B/STAT3/ISG15/HCLS1/PRKDC/LILRB3/TNFAIP6/HIF1A/HMGB2/PIK3R1/CEACAM1/TRIB1/CD74/STAT1/INPP5D/ETS1",17
"GO:0002449","lymphocyte mediated immunity","21/268","111/4243",0.189189189189189,2.99526018555869,5.530508091759,3.92174069233958e-06,0.000489400557231543,0.000422103142938654,"HLA-A/B2M/HLA-C/HLA-B/CD55/LYST/PRKCD/MYD88/IL18RAP/TNFRSF1B/HLA-E/FCGR2A/PIK3R1/IL1R1/CEACAM1/FCGR3B/CD74/RNF19B/INPP5D/HLA-F/NLRP3",21
"GO:0002697","regulation of immune effector process","26/268","159/4243",0.163522012578616,2.58889514690697,5.30194351496245,4.78667811080286e-06,0.000573444037674183,0.000494589814059378,"HLA-A/B2M/HLA-C/S100A9/HLA-B/ANXA1/BRD2/CD55/EP300/MYD88/IL18RAP/KLK7/TNFRSF1B/FFAR2/HLA-E/CD59/IL1R1/ANKRD17/CEACAM1/DDX60/IRAK3/CD74/FGR/HLA-F/NLRP3/XBP1",26
"GO:0002831","regulation of response to biotic stimulus","36/268","267/4243",0.134831460674157,2.13466375985242,4.97260302160551,7.45182813636854e-06,0.000834421237991546,0.000719680069600652,"HLA-A/S100A9/HLA-B/CD55/OAS1/EP300/ISG15/PRKDC/CD300E/NAIP/MYD88/IL18RAP/KLK7/BIRC3/FFAR2/HLA-E/USP15/HMGB2/PIK3R1/ANKRD17/CEACAM1/DDX60/IRAK3/PELI1/NT5C2/TRIB1/PARP9/STAT1/FGR/OAS3/N4BP1/XRCC5/TRIM38/HLA-F/NLRP3/TRAF3IP3",36
"GO:0001909","leukocyte mediated cytotoxicity","14/268","57/4243",0.245614035087719,3.8885833987955,5.7004204496164,7.52232835585033e-06,0.000834421237991546,0.000719680069600652,"HLA-A/B2M/HLA-C/HLA-B/LYST/MYD88/IL18RAP/HLA-E/FCGR2A/PIK3R1/CEACAM1/FCGR3B/RNF19B/HLA-F",14
"GO:0002460","adaptive immune response based on somatic recombination of immune receptors built from immunoglobulin superfamily domains","22/268","125/4243",0.176,2.78644776119403,5.26364170380172,7.92751826233887e-06,0.000847961328418033,0.000731358263751112,"HLA-A/B2M/HLA-C/HLA-B/ANXA1/BRD2/CD55/STAT3/EP300/PRKCD/MYD88/TNFRSF1B/HLA-E/FCGR2A/IL1R1/CEACAM1/FCGR3B/CD74/INPP5D/ADAM17/HLA-F/NLRP3",22
"GO:0019221","cytokine-mediated signaling pathway","30/268","205/4243",0.146341463414634,2.31689115398617,5.01796717672942,8.9994844875239e-06,0.000929429518625313,0.000801623772500314,"OAS2/IFITM1/IFI27/STAT3/IL1R2/OAS1/IFITM3/F3/ISG15/HCLS1/NAIP/CASP4/MYD88/IL18RAP/BIRC3/TNFRSF1B/NSMAF/MX1/HIF1A/PIK3R1/IL1R1/CEACAM1/IRAK3/CD74/PARP9/CXCR4/STAT1/OAS3/OXSR1/ADAM17",30
"GO:0009615","response to virus","29/268","196/4243",0.147959183673469,2.34250304599452,4.99644229289012,1.03154454529752e-05,0.00102841028335526,0.000886993703665339,"OAS2/IFITM1/IFI6/IFI27/LYST/OAS1/IFITM3/ISG15/IFIT3/MYD88/IVNS1ABP/IFI44L/MX1/HIF1A/ILF3/DDX60/IRAK3/IFI44/NT5C2/PARP9/TRIM8/TPT1/CXCR4/STAT1/FGR/OAS3/TRIM38/NLRP3/DDX60L",29
"GO:0002443","leukocyte mediated immunity","25/268","156/4243",0.16025641025641,2.53719383849981,5.07893644044916,1.06446473402381e-05,0.00102841028335526,0.000886993703665339,"HLA-A/B2M/HLA-C/HLA-B/CD55/LYST/PRKCD/MYD88/IL18RAP/TNFRSF1B/HLA-E/FCGR2A/PIK3R1/IL1R1/CEACAM1/FCGR3B/CD74/LAT2/FGR/RNF19B/KMT2E/INPP5D/ADAM17/HLA-F/NLRP3",25
"GO:0002683","negative regulation of immune system process","29/268","201/4243",0.144278606965174,2.2842318259449,4.84314492735557,1.69903896868376e-05,0.00159019428475245,0.00137152685169406,"HLA-A/HLA-B/ANXA1/CD55/SAMSN1/OAS1/TSC22D3/ISG15/RIPOR2/PRKDC/LILRB3/PAG1/TNFAIP6/WASL/CNN2/HLA-E/USP15/PIK3R1/CD59/CEACAM1/IRAK3/PELI1/PRKAR1A/TRIB1/CD74/FGR/OAS3/INPP5D/HLA-F",29
"GO:0032103","positive regulation of response to external stimulus","37/268","292/4243",0.126712328767123,2.00612093641382,4.62564457942278,2.33450712473572e-05,0.00209756772664653,0.00180913142999406,"S100A9/OAS1/EP300/F3/RIPOR2/PRKDC/NAIP/ALOX5AP/CASP4/MYD88/IL18RAP/KLK7/BIRC3/FFAR2/HLA-E/USP15/HMGB2/PIK3R1/ANKRD17/DDX60/IRAK3/PELI1/CD74/C3AR1/PARP9/CXCR4/OAS3/ADAM10/PDCD4/OXSR1/XRCC5/NEAT1/ADAM17/HLA-F/NLRP3/TRAF3IP3/ETS1",37
"GO:0040011","locomotion","48/268","422/4243",0.113744075829384,1.80080639456745,4.50069312088712,2.48018172166293e-05,0.00209756772664653,0.00180913142999406,"S100A9/ANXA1/IFITM1/STAT3/LYST/SOD2/GLUL/EP300/PRKCD/F3/ARHGDIB/RIPOR2/MALAT1/PPIA/TIMP1/SDCBP/NIPBL/DOCK8/SP1/MYD88/FFAR2/TNFAIP6/CD9/WASL/CNN2/MSN/SORL1/HIF1A/HMGB2/PIK3R1/IL1R1/CEACAM1/SPAG9/S100A11/IRS2/TRIB1/CD74/C3AR1/MDM2/CXCR4/FGR/ADAM10/OXSR1/ADAM17/XBP1/ETS1/CEACAM6/ALOX5",48
"GO:0032102","negative regulation of response to external stimulus","23/268","144/4243",0.159722222222222,2.52873652570481,4.8457286580833,2.57903024397294e-05,0.00209756772664653,0.00180913142999406,"HLA-A/HLA-B/ANXA2/STAT3/OAS1/PRKCD/ISG15/TNFRSF1B/TNFAIP6/CD9/HLA-E/USP15/CEACAM1/IRAK3/IER3/NT5C2/TRIB1/FGR/OAS3/TRIM38/HLA-F/NLRP3/ALOX5",23
"GO:0002369","T cell cytokine production","7/268","16/4243",0.4375,6.92653917910448,6.16636445833643,2.59131906129956e-05,0.00209756772664653,0.00180913142999406,"HLA-A/B2M/CD55/TNFRSF1B/IL1R1/HLA-F/NLRP3",7
"GO:0002724","regulation of T cell cytokine production","7/268","16/4243",0.4375,6.92653917910448,6.16636445833643,2.59131906129956e-05,0.00209756772664653,0.00180913142999406,"HLA-A/B2M/CD55/TNFRSF1B/IL1R1/HLA-F/NLRP3",7
"GO:0031348","negative regulation of defense response","20/268","116/4243",0.172413793103448,2.72967061245497,4.90410013713926,2.84628550902691e-05,0.00223776106824227,0.0019300468013238,"HLA-A/HLA-B/STAT3/OAS1/PRKCD/ISG15/TNFRSF1B/TNFAIP6/HLA-E/USP15/CEACAM1/IRAK3/IER3/NT5C2/FGR/OAS3/TRIM38/HLA-F/NLRP3/ALOX5",20
"GO:0097193","intrinsic apoptotic signaling pathway","24/268","155/4243",0.154838709677419,2.45142031776601,4.77955833305426,2.91394596532383e-05,0.00223776106824227,0.0019300468013238,"S100A9/IFI6/IFI27/BCL2A1/SOD2/EP300/PRKCD/PRKDC/PPIA/CASP4/TNFRSF1B/IVNS1ABP/RPS3/PPP2R5C/USP15/HIF1A/PIK3R1/IER3/CD74/TPT1/MDM2/JMY/VDAC2/XBP1",24
"GO:0048525","negative regulation of viral process","13/268","56/4243",0.232142857142857,3.67530650319829,5.23239161361322,3.08358238997119e-05,0.00230883231449093,0.0019913450486814,"OAS2/IFITM1/OAS1/IFITM3/ISG15/PPIA/MX1/ILF3/CD74/TRIM8/STAT1/OAS3/N4BP1",13
"GO:0006879","intracellular iron ion homeostasis","8/268","22/4243",0.363636363636364,5.75712347354138,5.8080754686595,3.3545170571953e-05,0.00245043380153657,0.0021134749315423,"B2M/FTH1/FBXL5/STEAP4/NCOA4/HIF1A/PICALM/ATP6AP1",8
"GO:0002709","regulation of T cell mediated immunity","11/268","42/4243",0.261904761904762,4.14649964463397,5.32059441298043,3.83303385582013e-05,0.00273331819004317,0.00235745992034652,"HLA-A/B2M/HLA-C/HLA-B/CD55/TNFRSF1B/HLA-E/IL1R1/CEACAM1/HLA-F/NLRP3",11
"GO:0002474","antigen processing and presentation of peptide antigen via MHC class I","7/268","17/4243",0.411764705882353,6.51909569798068,5.91986498029148,4.16931672095994e-05,0.00290397757657559,0.00250465195428046,"HLA-A/B2M/HLA-C/HLA-B/TAP1/HLA-E/HLA-F",7
"GO:0002718","regulation of cytokine production involved in immune response","12/268","50/4243",0.24,3.79970149253731,5.17033237225914,4.39171157454522e-05,0.00298935821949157,0.00257829191481674,"HLA-A/B2M/CD55/MYD88/TNFRSF1B/FFAR2/HLA-E/IL1R1/IRAK3/CD74/HLA-F/NLRP3",12
"GO:0048002","antigen processing and presentation of peptide antigen","10/268","36/4243",0.277777777777778,4.39780265339967,5.31553899062258,5.00610263260518e-05,0.00333183941881167,0.00287367856383932,"HLA-A/B2M/HLA-C/HLA-B/TAP1/CTSD/HLA-E/CD74/HLA-DQB1/HLA-F",10
"GO:0002367","cytokine production involved in immune response","12/268","51/4243",0.235294117647059,3.72519754170325,5.08342712732012,5.42461821824614e-05,0.00345675139652068,0.00298141390987145,"HLA-A/B2M/CD55/MYD88/TNFRSF1B/FFAR2/HLA-E/IL1R1/IRAK3/CD74/HLA-F/NLRP3",12
"GO:0045069","regulation of viral genome replication","12/268","51/4243",0.235294117647059,3.72519754170325,5.08342712732012,5.42461821824614e-05,0.00345675139652068,0.00298141390987145,"OAS2/IFITM1/OAS1/IFITM3/ISG15/PPIA/PABPC1/MX1/ILF3/OAS3/N4BP1/TRIM38",12
"GO:0030218","erythrocyte differentiation","13/268","59/4243",0.220338983050847,3.48842651151025,4.99734289907235,5.56186381155781e-05,0.00347037127408659,0.00299316091964098,"B2M/CFLAR/STAT3/ISG15/HCLS1/PRKDC/HIF1A/HMGB2/STAT1/IKZF1/KMT2E/INPP5D/ETS1",13
"GO:0030099","myeloid cell differentiation","25/268","172/4243",0.145348837209302,2.30117580701145,4.52307526582795,5.91336131235696e-05,0.0036143912511243,0.00311737672621353,"B2M/EVI2B/CFLAR/ANXA2/STAT3/EP300/ISG15/HCLS1/PRKDC/LILRB3/MYD88/TNFAIP6/HIF1A/HMGB2/PIK3R1/CEACAM1/TRIB1/CD74/STAT1/IKZF1/FOSL2/ATP6AP1/KMT2E/INPP5D/ETS1",25
"GO:0002711","positive regulation of T cell mediated immunity","9/268","30/4243",0.3,4.74962686567164,5.35102663375903,6.1683433701834e-05,0.00369483767873986,0.00318676097482738,"HLA-A/B2M/HLA-C/HLA-B/CD55/HLA-E/IL1R1/HLA-F/NLRP3",9
"GO:0001914","regulation of T cell mediated cytotoxicity","7/268","18/4243",0.388888888888889,6.15692371475954,5.69243087507136,6.45742351116363e-05,0.00379215361096766,0.00327069500441601,"HLA-A/B2M/HLA-C/HLA-B/HLA-E/CEACAM1/HLA-F",7
"GO:0002262","myeloid cell homeostasis","15/268","77/4243",0.194805194805195,3.08417328939717,4.79185555314896,6.91399646522775e-05,0.00390706026667115,0.00336980085911994,"B2M/ANXA1/CFLAR/STAT3/ISG15/HCLS1/PRKDC/HIF1A/HMGB2/STAT1/IKZF1/KMT2E/INPP5D/ADAM17/ETS1",15
"GO:0019079","viral genome replication","15/268","77/4243",0.194805194805195,3.08417328939717,4.79185555314896,6.91399646522775e-05,0.00390706026667115,0.00336980085911994,"OAS2/IFITM1/IFI27/PCBP1/OAS1/IFITM3/ISG15/PPIA/PABPC1/EEF1A1/MX1/ILF3/OAS3/N4BP1/TRIM38",15
"GO:0002702","positive regulation of production of molecular mediator of immune response","12/268","53/4243",0.226415094339623,3.5846240495635,4.91600670985002,8.13363695596131e-05,0.00451115605242669,0.00389082750291015,"HLA-A/B2M/CD55/MYD88/KLK7/FFAR2/HLA-E/IL1R1/CD74/HLA-F/NLRP3/XBP1",12
"GO:0045088","regulation of innate immune response","30/268","230/4243",0.130434782608696,2.06505515898767,4.3120680020347,8.64904055601204e-05,0.00470979572095565,0.00406215225348394,"HLA-A/S100A9/HLA-B/OAS1/EP300/ISG15/PRKDC/CD300E/NAIP/MYD88/IL18RAP/BIRC3/FFAR2/HLA-E/USP15/HMGB2/PIK3R1/ANKRD17/CEACAM1/DDX60/IRAK3/PELI1/PARP9/FGR/OAS3/N4BP1/XRCC5/HLA-F/NLRP3/TRAF3IP3",30
"GO:0030334","regulation of cell migration","39/268","334/4243",0.116766467065868,1.84865716328537,4.19524030208913,9.02711726398822e-05,0.00482789575100799,0.00416401236199757,"ANXA1/IFITM1/STAT3/SOD2/GLUL/F3/ARHGDIB/RIPOR2/TIMP1/SDCBP/NIPBL/DOCK8/SP1/MYD88/TNFAIP6/CD9/WASL/CNN2/MSN/SORL1/HIF1A/PIK3R1/IL1R1/CEACAM1/SPAG9/S100A11/IRS2/TRIB1/CD74/C3AR1/MDM2/CXCR4/FGR/ADAM10/OXSR1/ADAM17/XBP1/ETS1/CEACAM6",39
"GO:0002685","regulation of leukocyte migration","16/268","88/4243",0.181818181818182,2.87856173677069,4.62344245745135,9.50231166689537e-05,0.00496603923787183,0.00428315975388366,"ANXA1/RIPOR2/DOCK8/MYD88/TNFAIP6/CD9/WASL/CNN2/MSN/PIK3R1/IL1R1/CD74/C3AR1/ADAM10/OXSR1/ADAM17",16
"GO:0002832","negative regulation of response to biotic stimulus","13/268","62/4243",0.209677419354839,3.31963168030814,4.7770408497197,9.61703758920088e-05,0.00496603923787183,0.00428315975388366,"HLA-A/HLA-B/OAS1/ISG15/HLA-E/USP15/CEACAM1/IRAK3/NT5C2/TRIB1/OAS3/TRIM38/HLA-F",13
"GO:1901652","response to peptide","44/268","396/4243",0.111111111111111,1.75912106135987,4.11890431632169,0.000101100595140223,0.00502473337337485,0.00433378286556959,"OAS2/IFITM1/IFI27/STAT3/XAF1/IL1R2/OAS1/IFITM3/RPL3/F3/ISG15/HCLS1/RIPOR2/TIMP1/NAIP/DOCK8/CASP4/MYD88/IL18RAP/BIRC3/TNFRSF1B/NSMAF/MX1/RPS3/HIF1A/PIK3R1/IL1R1/CEACAM1/IRAK3/IRS2/ASAH1/KLF3/CD74/ARID5B/PARP9/CXCR4/STAT1/OAS3/ADAM10/FOSL2/OXSR1/XRCC5/ADAM17/XBP1",44
"GO:2000145","regulation of cell motility","40/268","348/4243",0.114942528735632,1.81978040830331,4.14397940732104,0.000103499147756397,0.00502473337337485,0.00433378286556959,"ANXA1/IFITM1/STAT3/SOD2/GLUL/F3/ARHGDIB/RIPOR2/MALAT1/TIMP1/SDCBP/NIPBL/DOCK8/SP1/MYD88/TNFAIP6/CD9/WASL/CNN2/MSN/SORL1/HIF1A/PIK3R1/IL1R1/CEACAM1/SPAG9/S100A11/IRS2/TRIB1/CD74/C3AR1/MDM2/CXCR4/FGR/ADAM10/OXSR1/ADAM17/XBP1/ETS1/CEACAM6",40
"GO:0002700","regulation of production of molecular mediator of immune response","14/268","71/4243",0.197183098591549,3.12182047508934,4.68112052456982,0.000105367976264199,0.00502473337337485,0.00433378286556959,"HLA-A/B2M/CD55/MYD88/KLK7/TNFRSF1B/FFAR2/HLA-E/IL1R1/IRAK3/CD74/HLA-F/NLRP3/XBP1",14
"GO:0002720","positive regulation of cytokine production involved in immune response","10/268","39/4243",0.256410256410256,4.05951014159969,4.98352922641657,0.000105695560107718,0.00502473337337485,0.00433378286556959,"HLA-A/B2M/CD55/MYD88/FFAR2/HLA-E/IL1R1/CD74/HLA-F/NLRP3",10
"GO:0031341","regulation of cell killing","10/268","39/4243",0.256410256410256,4.05951014159969,4.98352922641657,0.000105695560107718,0.00502473337337485,0.00433378286556959,"HLA-A/B2M/HLA-C/HLA-B/CD55/IL18RAP/HLA-E/CD59/CEACAM1/HLA-F",10
"GO:0034101","erythrocyte homeostasis","13/268","63/4243",0.206349206349206,3.26693911395404,4.70658766563034,0.000114441785650859,0.00535551793788003,0.00461908128268433,"B2M/CFLAR/STAT3/ISG15/HCLS1/PRKDC/HIF1A/HMGB2/STAT1/IKZF1/KMT2E/INPP5D/ETS1",13
"GO:0001916","positive regulation of T cell mediated cytotoxicity","6/268","14/4243",0.428571428571429,6.78518123667377,5.62919517625322,0.000117178942978271,0.00539924514184494,0.0046567955638652,"HLA-A/B2M/HLA-C/HLA-B/HLA-E/HLA-F",6
"GO:0002228","natural killer cell mediated immunity","9/268","33/4243",0.272727272727273,4.31784260515604,4.96770575913449,0.000140535587509672,0.00627010309600864,0.0054079019409912,"HLA-A/HLA-B/LYST/IL18RAP/HLA-E/PIK3R1/CEACAM1/RNF19B/HLA-F",9
"GO:0042267","natural killer cell mediated cytotoxicity","9/268","33/4243",0.272727272727273,4.31784260515604,4.96770575913449,0.000140535587509672,0.00627010309600864,0.0054079019409912,"HLA-A/HLA-B/LYST/IL18RAP/HLA-E/PIK3R1/CEACAM1/RNF19B/HLA-F",9
"GO:0051241","negative regulation of multicellular organismal process","39/268","341/4243",0.114369501466276,1.81070818925898,4.05305296942749,0.000142359602847609,0.00627010309600864,0.0054079019409912,"B2M/ANXA1/SAMSN1/ANXA2/XAF1/IL1R2/OAS1/PRKCD/ARHGDIB/RIPOR2/TIMP1/LILRB3/PAG1/TNFRSF1B/TNFAIP6/CD9/HLA-E/SORL1/HIF1A/PIK3R1/CEACAM1/SRGN/IRAK3/PELI1/PRKAR1A/TRIB1/CD74/STAT1/FGR/OAS3/N4BP1/PDCD4/RAD21/INPP5D/ADAM17/HLA-F/NLRP3/GTF2I/ALOX5",39
"GO:1903706","regulation of hemopoiesis","23/268","161/4243",0.142857142857143,2.26172707889126,4.23765917332937,0.000154356549409435,0.00669996906494576,0.00577865709001912,"B2M/HLA-B/ANXA1/EVI2B/BRD2/STAT3/EP300/ISG15/HCLS1/PRKDC/LILRB3/TNFAIP6/HIF1A/HMGB2/PIK3R1/CEACAM1/TRIB1/CD74/STAT1/INPP5D/NLRP3/XBP1/ETS1",23
"GO:0050792","regulation of viral process","16/268","92/4243",0.173913043478261,2.75340687865023,4.41452942102796,0.000164400067211812,0.00703397430427683,0.00606673330733515,"OAS2/IFITM1/OAS1/IFITM3/ISG15/PPIA/PABPC1/MX1/ILF3/CD74/TRIM8/CXCR4/STAT1/OAS3/N4BP1/TRIM38",16
"GO:0008630","intrinsic apoptotic signaling pathway in response to DNA damage","11/268","49/4243",0.224489795918367,3.55414255254341,4.6688844113081,0.000175363127204197,0.00739736008417703,0.00638014995046847,"BCL2A1/SOD2/EP300/PRKDC/TNFRSF1B/RPS3/PPP2R5C/PIK3R1/IER3/CD74/TPT1",11
"GO:0002716","negative regulation of natural killer cell mediated immunity","5/268","10/4243",0.5,7.9160447761194,5.68483448583749,0.000187697281481479,0.00770073093201409,0.0066418043079387,"HLA-A/HLA-B/HLA-E/CEACAM1/HLA-F",5
"GO:0045953","negative regulation of natural killer cell mediated cytotoxicity","5/268","10/4243",0.5,7.9160447761194,5.68483448583749,0.000187697281481479,0.00770073093201409,0.0066418043079387,"HLA-A/HLA-B/HLA-E/CEACAM1/HLA-F",5
"GO:0001913","T cell mediated cytotoxicity","7/268","21/4243",0.333333333333333,5.2773631840796,5.10165190478665,0.000200111843435144,0.0080991212309224,0.00698541200270049,"HLA-A/B2M/HLA-C/HLA-B/HLA-E/CEACAM1/HLA-F",7
"GO:0002824","positive regulation of adaptive immune response based on somatic recombination of immune receptors built from immunoglobulin superfamily domains","11/268","50/4243",0.22,3.48305970149254,4.58557599483363,0.000212437643256663,0.00848334322071608,0.00731679967090318,"HLA-A/B2M/HLA-C/HLA-B/BRD2/CD55/EP300/HLA-E/IL1R1/HLA-F/NLRP3",11
"GO:0008284","positive regulation of cell population proliferation","34/268","288/4243",0.118055555555556,1.86906612769486,3.9660664462971,0.000215618198144635,0.0084929841442442,0.00732511487214666,"HLA-A/NAMPT/ANXA1/CD55/CFLAR/STAT3/F3/HCLS1/MALAT1/TIMP1/SDCBP/SP1/MYD88/NACA/HLA-E/RPS3/HIF1A/HMGB2/PIK3R1/PELI1/IRS2/CD74/MDM2/AREG/STAT1/ADAM10/FOSL2/KRT6A/CNOT6L/NEAT1/ADAM17/SERTAD1/XBP1/CEACAM6",34
"GO:0040012","regulation of locomotion","40/268","360/4243",0.111111111111111,1.75912106135987,3.90897379082682,0.00021835051055319,0.0084929841442442,0.00732511487214666,"ANXA1/IFITM1/STAT3/SOD2/GLUL/F3/ARHGDIB/RIPOR2/MALAT1/TIMP1/SDCBP/NIPBL/DOCK8/SP1/MYD88/TNFAIP6/CD9/WASL/CNN2/MSN/SORL1/HIF1A/PIK3R1/IL1R1/CEACAM1/SPAG9/S100A11/IRS2/TRIB1/CD74/C3AR1/MDM2/CXCR4/FGR/ADAM10/OXSR1/ADAM17/XBP1/ETS1/CEACAM6",40
"GO:0002440","production of molecular mediator of immune response","15/268","85/4243",0.176470588235294,2.79389815627744,4.33759666654049,0.000222613742701983,0.00854779691528769,0.00737239034535313,"HLA-A/B2M/CD55/PRKDC/MYD88/KLK7/TNFRSF1B/FFAR2/HLA-E/IL1R1/IRAK3/CD74/HLA-F/NLRP3/XBP1",15
"GO:0002764","immune response-regulating signaling pathway","31/268","254/4243",0.122047244094488,1.93226289810789,3.97839044728867,0.000229169816545658,0.00861182308061617,0.00742761228005697,"HLA-A/S100A9/OAS1/EP300/PRKCD/PRKDC/NAIP/LILRB3/MYD88/BIRC3/FFAR2/RPS3/USP15/FCGR2A/PIK3R1/ANKRD17/CEACAM1/DDX60/IRAK3/PELI1/FCGR3B/PRKCB/LAT2/C3AR1/FGR/OAS3/HLA-DQB1/FOSL2/INPP5D/NLRP3/TRAF3IP3",31
"GO:0045071","negative regulation of viral genome replication","9/268","35/4243",0.257142857142857,4.07110874200426,4.73669600810868,0.000230032002153354,0.00861182308061617,0.00742761228005697,"OAS2/IFITM1/OAS1/IFITM3/ISG15/MX1/ILF3/OAS3/N4BP1",9
"GO:0050900","leukocyte migration","22/268","155/4243",0.141935483870968,2.24713529128551,4.10684334575415,0.000236828959157091,0.00875682386019119,0.00755267401912281,"S100A9/ANXA1/LYST/RIPOR2/PPIA/DOCK8/MYD88/FFAR2/TNFAIP6/CD9/WASL/CNN2/MSN/PIK3R1/IL1R1/CD74/C3AR1/CXCR4/ADAM10/OXSR1/ADAM17/ALOX5",22
"GO:2000147","positive regulation of cell motility","28/268","221/4243",0.126696832579186,2.00587559937867,3.98752610671455,0.000249432022242938,0.00911035251972681,0.0078575889933783,"ANXA1/STAT3/SOD2/F3/RIPOR2/MALAT1/SDCBP/NIPBL/DOCK8/SP1/TNFAIP6/HIF1A/PIK3R1/IL1R1/SPAG9/S100A11/IRS2/CD74/C3AR1/MDM2/CXCR4/FGR/ADAM10/OXSR1/ADAM17/XBP1/ETS1/CEACAM6",28
"GO:0002708","positive regulation of lymphocyte mediated immunity","10/268","43/4243",0.232558139534884,3.68188129121833,4.58916101780711,0.000254403828249804,0.00917999356154413,0.00791765370355129,"HLA-A/B2M/HLA-C/HLA-B/CD55/IL18RAP/HLA-E/IL1R1/HLA-F/NLRP3",10
"GO:0032943","mononuclear cell proliferation","18/268","115/4243",0.156521739130435,2.4780661907852,4.17212317294917,0.000259703087553867,0.00918687316924187,0.00792358729718638,"HLA-A/ANXA1/CD55/PRKCD/RIPOR2/DOCK8/MYD88/TNFRSF1B/CNN2/MSN/HLA-E/RPS3/PELI1/IRS2/PRKAR1A/CD74/FOSL2/INPP5D",18
"GO:1903900","regulation of viral life cycle","14/268","77/4243",0.181818181818182,2.87856173677069,4.31912093685909,0.000260729288609535,0.00918687316924187,0.00792358729718638,"OAS2/IFITM1/OAS1/IFITM3/ISG15/PPIA/PABPC1/MX1/ILF3/CD74/TRIM8/OAS3/N4BP1/TRIM38",14
"GO:0050777","negative regulation of immune response","16/268","96/4243",0.166666666666667,2.6386815920398,4.21645370767271,0.000274346926260597,0.0095465906904179,0.00823384010343047,"HLA-A/HLA-B/ANXA1/CD55/SAMSN1/OAS1/ISG15/HLA-E/USP15/CD59/CEACAM1/IRAK3/FGR/OAS3/INPP5D/HLA-F",16
"GO:0002715","regulation of natural killer cell mediated immunity","6/268","16/4243",0.375,5.93703358208955,5.13681720312369,0.000280500828299424,0.0095465906904179,0.00823384010343047,"HLA-A/HLA-B/IL18RAP/HLA-E/CEACAM1/HLA-F",6
"GO:0042269","regulation of natural killer cell mediated cytotoxicity","6/268","16/4243",0.375,5.93703358208955,5.13681720312369,0.000280500828299424,0.0095465906904179,0.00823384010343047,"HLA-A/HLA-B/IL18RAP/HLA-E/CEACAM1/HLA-F",6
"GO:0034097","response to cytokine","42/268","391/4243",0.107416879795396,1.70063366034279,3.77502993872213,0.000316433527320704,0.0105585777348921,0.00910666892590289,"OAS2/IFITM1/IFI27/STAT3/XAF1/IL1R2/OAS1/IFITM3/RPL3/F3/ISG15/HCLS1/RIPOR2/TIMP1/NAIP/DOCK8/CASP4/MYD88/IL18RAP/BIRC3/TNFRSF1B/NSMAF/MX1/RPS3/HIF1A/PIK3R1/IL1R1/CEACAM1/IRAK3/ASAH1/CD74/ARID5B/PARP9/CXCR4/STAT1/OAS3/ADAM10/FOSL2/OXSR1/XRCC5/ADAM17/XBP1",42
"GO:0043069","negative regulation of programmed cell death","38/268","342/4243",0.111111111111111,1.75912106135987,3.80119615517904,0.00031937458250537,0.0105585777348921,0.00910666892590289,"FTH1/ANXA1/EVI2B/CFLAR/IFI6/BCL2A1/SOD2/PRKCD/TSC22D3/HCLS1/CPEB4/MTRNR2L1/IFIT3/PRKDC/PPIA/TIMP1/NAIP/DOCK8/BIRC3/IVNS1ABP/NACA/HIF1A/HMGB2/PIK3R1/PELI1/IRS2/IER3/CD74/TPT1/MDM2/MTRNR2L12/VDAC2/ITPRIP/SON/PDCD4/RAD21/XBP1/CEACAM6",38
"GO:0050678","regulation of epithelial cell proliferation","17/268","107/4243",0.158878504672897,2.5153787139071,4.12199033326543,0.000320811543864835,0.0105585777348921,0.00910666892590289,"B2M/CFLAR/STAT3/F3/PRKDC/SP1/HIF1A/HMGB2/CEACAM1/IRS2/AREG/STAT1/HMGN1/NEAT1/ADAM17/XBP1/ALOX5",17
"GO:0051607","defense response to virus","21/268","148/4243",0.141891891891892,2.24644513916902,4.00738654377176,0.000330163451328791,0.0107482558340188,0.0092702644114514,"OAS2/IFITM1/IFI6/IFI27/LYST/OAS1/IFITM3/ISG15/IFIT3/MYD88/IFI44L/MX1/ILF3/DDX60/NT5C2/PARP9/TRIM8/STAT1/OAS3/TRIM38/DDX60L",21
"GO:0040017","positive regulation of locomotion","28/268","225/4243",0.124444444444444,1.97021558872305,3.8827435214655,0.000338017216503411,0.0108856082089002,0.00938872947707267,"ANXA1/STAT3/SOD2/F3/RIPOR2/MALAT1/SDCBP/NIPBL/DOCK8/SP1/TNFAIP6/HIF1A/PIK3R1/IL1R1/SPAG9/S100A11/IRS2/CD74/C3AR1/MDM2/CXCR4/FGR/ADAM10/OXSR1/ADAM17/XBP1/ETS1/CEACAM6",28
"GO:0006954","inflammatory response","37/268","331/4243",0.11178247734139,1.76975019163999,3.78659225389271,0.000342027186775841,0.0108975683446132,0.00939904497590049,"S100A9/TXNIP/ANXA1/IFI27/STAT3/IL1R2/PRKCD/F3/TIMP1/NAIP/ALOX5AP/CASP4/MYD88/IL18RAP/BIRC3/TNFRSF1B/FFAR2/TNFAIP6/LYZ/HLA-E/MMP25/FCGR2A/HIF1A/HMGB2/IL1R1/FCGR3B/IER3/C3AR1/CXCR4/FGR/FOSL2/PDCD4/KDM6B/NEAT1/NLRP3/ETS1/ALOX5",37
"GO:0031349","positive regulation of defense response","29/268","237/4243",0.122362869198312,1.93725990301656,3.85534192408052,0.000352843638006941,0.0111238599561136,0.0095942192539505,"S100A9/OAS1/EP300/PRKDC/NAIP/ALOX5AP/CASP4/MYD88/IL18RAP/KLK7/BIRC3/FFAR2/HLA-E/USP15/HMGB2/PIK3R1/ANKRD17/DDX60/IRAK3/PELI1/PARP9/OAS3/PDCD4/XRCC5/NEAT1/HLA-F/NLRP3/TRAF3IP3/ETS1",29
"GO:0002821","positive regulation of adaptive immune response","11/268","53/4243",0.207547169811321,3.28590537876654,4.34783781494117,0.000365769018297575,0.0114112313520962,0.00984207424234923,"HLA-A/B2M/HLA-C/HLA-B/BRD2/CD55/EP300/HLA-E/IL1R1/HLA-F/NLRP3",11
"GO:0030335","positive regulation of cell migration","27/268","215/4243",0.125581395348837,1.9882158972579,3.86109509189309,0.000373550170684224,0.011438916557371,0.00986595245823334,"ANXA1/STAT3/SOD2/F3/RIPOR2/SDCBP/NIPBL/DOCK8/SP1/TNFAIP6/HIF1A/PIK3R1/IL1R1/SPAG9/S100A11/IRS2/CD74/C3AR1/MDM2/CXCR4/FGR/ADAM10/OXSR1/ADAM17/XBP1/ETS1/CEACAM6",27
"GO:0030097","hemopoiesis","39/268","357/4243",0.109243697478992,1.72955600150508,3.73960306409688,0.00037617063424811,0.011438916557371,0.00986595245823334,"B2M/HLA-B/ANXA1/EVI2B/BRD2/CFLAR/ANXA2/STAT3/SOD2/EP300/PRRC2C/ISG15/HCLS1/HERC6/PRKDC/LILRB3/MYD88/CHD2/TNFAIP6/CNN2/HIF1A/HMGB2/PIK3R1/CEACAM1/TRIB1/KLF3/CD74/STAT1/IKZF1/FOSL2/PICALM/ATP6AP1/XRCC5/KMT2E/INPP5D/ADAM17/NLRP3/XBP1/ETS1",39
"GO:0001912","positive regulation of leukocyte mediated cytotoxicity","7/268","23/4243",0.304347826086957,4.8184620376379,4.76738617173074,0.000378114437121779,0.011438916557371,0.00986595245823334,"HLA-A/B2M/HLA-C/HLA-B/IL18RAP/HLA-E/HLA-F",7
"GO:0002253","activation of immune response","31/268","262/4243",0.118320610687023,1.87326250427253,3.78864167778363,0.000400923131444815,0.0120076477867722,0.0103564775217429,"HLA-A/S100A9/CD55/OAS1/EP300/PRKCD/PRKDC/NAIP/MYD88/BIRC3/FFAR2/RPS3/USP15/PIK3R1/CD59/ANKRD17/CEACAM1/DDX60/IRAK3/PELI1/PRKCB/LAT2/C3AR1/FGR/OAS3/HLA-DQB1/FOSL2/XRCC5/INPP5D/NLRP3/TRAF3IP3",31
"GO:0002456","T cell mediated immunity","11/268","54/4243",0.203703703703704,3.22505527915976,4.27234846117265,0.000434067900921488,0.0128716174580184,0.0111016428229425,"HLA-A/B2M/HLA-C/HLA-B/CD55/TNFRSF1B/HLA-E/IL1R1/CEACAM1/HLA-F/NLRP3",11
"GO:1901342","regulation of vasculature development","16/268","100/4243",0.16,2.53313432835821,4.0281617754754,0.000443027601546721,0.0129636107088529,0.0111809860924435,"BTG1/STAT3/GLUL/F3/SP1/HIF1A/CEACAM1/PRKCB/C3AR1/CXCR4/STAT1/ADAM10/XBP1/GTF2I/ETS1/ALOX5",16
"GO:0046651","lymphocyte proliferation","17/268","110/4243",0.154545454545455,2.44677747625509,3.99162323072608,0.000448932719014287,0.0129636107088529,0.0111809860924435,"HLA-A/ANXA1/CD55/PRKCD/RIPOR2/DOCK8/MYD88/TNFRSF1B/MSN/HLA-E/RPS3/PELI1/IRS2/PRKAR1A/CD74/FOSL2/INPP5D",17
"GO:0002822","regulation of adaptive immune response based on somatic recombination of immune receptors built from immunoglobulin superfamily domains","14/268","81/4243",0.172839506172839,2.73641053989313,4.09664232277418,0.000450155430290718,0.0129636107088529,0.0111809860924435,"HLA-A/B2M/HLA-C/HLA-B/ANXA1/BRD2/CD55/EP300/TNFRSF1B/HLA-E/IL1R1/CEACAM1/HLA-F/NLRP3",14
"GO:0071345","cellular response to cytokine stimulus","38/268","348/4243",0.109195402298851,1.72879138788815,3.68403108082572,0.000454544605574397,0.0129653437494792,0.0111824808228528,"OAS2/IFITM1/IFI27/STAT3/IL1R2/OAS1/IFITM3/RPL3/F3/ISG15/HCLS1/RIPOR2/NAIP/DOCK8/CASP4/MYD88/IL18RAP/BIRC3/TNFRSF1B/NSMAF/MX1/RPS3/HIF1A/PIK3R1/IL1R1/CEACAM1/IRAK3/ASAH1/CD74/ARID5B/PARP9/CXCR4/STAT1/OAS3/OXSR1/XRCC5/ADAM17/XBP1",38
"GO:0002819","regulation of adaptive immune response","15/268","91/4243",0.164835164835165,2.60968509102837,4.03011192827973,0.000481083957331219,0.0135928910585566,0.0117237341736923,"HLA-A/B2M/HLA-C/HLA-B/ANXA1/BRD2/CD55/SAMSN1/EP300/TNFRSF1B/HLA-E/IL1R1/CEACAM1/HLA-F/NLRP3",15
"GO:0046649","lymphocyte activation","37/268","337/4243",0.109792284866469,1.73824128615085,3.66717236342544,0.000488744995830263,0.013680292173006,0.0117991167709539,"HLA-A/B2M/ANXA1/BRD2/CD55/SAMSN1/STAT3/EP300/PRKCD/RIPOR2/PRKDC/DOCK8/MYD88/PAG1/TNFRSF1B/MSN/HLA-E/RPS3/PIK3R1/APBB1IP/CEACAM1/PELI1/IRS2/PRKCB/PRKAR1A/CD74/LAT2/IKZF1/FGR/HLA-DQB1/FOSL2/INPP5D/ADAM17/HLA-F/NLRP3/XBP1/SIRPB1",37
"GO:0002706","regulation of lymphocyte mediated immunity","12/268","64/4243",0.1875,2.96851679104478,4.11980905314131,0.00053546184472946,0.0148491502311549,0.0128072452920672,"HLA-A/B2M/HLA-C/HLA-B/CD55/IL18RAP/TNFRSF1B/HLA-E/IL1R1/CEACAM1/HLA-F/NLRP3",12
"GO:0045824","negative regulation of innate immune response","10/268","47/4243",0.212765957446809,3.3685296919657,4.2393003331613,0.000548561917791385,0.0150728710439009,0.0130002022816037,"HLA-A/HLA-B/OAS1/ISG15/HLA-E/USP15/CEACAM1/IRAK3/OAS3/HLA-F",10
"GO:0001775","cell activation","45/268","440/4243",0.102272727272727,1.61919097693351,3.5618199096528,0.000573836649094602,0.0156128336844859,0.0134659147216337,"HLA-A/B2M/HBB/ANXA1/BRD2/CD55/SAMSN1/STAT3/EP300/PRKCD/RIPOR2/PRKDC/PPIA/DOCK8/MYD88/IL18RAP/PAG1/TNFRSF1B/CD9/MSN/HLA-E/RPS3/PIK3R1/APBB1IP/CEACAM1/CD93/PELI1/IRS2/PRKCB/PRKAR1A/CD74/LAT2/MDM2/IKZF1/FGR/ADAM10/HLA-DQB1/FOSL2/KMT2E/INPP5D/ADAM17/HLA-F/NLRP3/XBP1/SIRPB1",45
"GO:0019058","viral life cycle","22/268","165/4243",0.133333333333333,2.11094527363184,3.77915922047046,0.00058046542451616,0.0156128336844859,0.0134659147216337,"OAS2/IFITM1/CD55/IFI27/PCBP1/OAS1/IFITM3/ISG15/PPIA/PABPC1/EEF1A1/CHMP1B/MX1/ILF3/CD74/TRIM8/CXCR4/OAS3/N4BP1/PDCD6IP/TRIM38/ANPEP",22
"GO:0030851","granulocyte differentiation","6/268","18/4243",0.333333333333333,5.2773631840796,4.72153469776188,0.00058385221123954,0.0156128336844859,0.0134659147216337,"EVI2B/HCLS1/CEACAM1/TRIB1/FOSL2/INPP5D",6
"GO:0043066","negative regulation of apoptotic process","36/268","329/4243",0.109422492401216,1.73238669872522,3.59097307791179,0.000625135465857841,0.0165688559313649,0.0142904744593865,"ANXA1/EVI2B/CFLAR/IFI6/BCL2A1/SOD2/PRKCD/TSC22D3/HCLS1/CPEB4/MTRNR2L1/IFIT3/PRKDC/PPIA/TIMP1/NAIP/DOCK8/BIRC3/IVNS1ABP/NACA/HIF1A/HMGB2/PIK3R1/IRS2/IER3/CD74/TPT1/MDM2/MTRNR2L12/VDAC2/ITPRIP/SON/PDCD4/RAD21/XBP1/CEACAM6",36
"GO:0034340","response to type I interferon","10/268","48/4243",0.208333333333333,3.29835199004975,4.15772096965554,0.000655044371677994,0.0170596338537008,0.0147137655661126,"OAS2/IFITM1/IFI27/OAS1/IFITM3/ISG15/MYD88/MX1/STAT1/OAS3",10
"GO:0042542","response to hydrogen peroxide","10/268","48/4243",0.208333333333333,3.29835199004975,4.15772096965554,0.000655044371677994,0.0170596338537008,0.0147137655661126,"TXNIP/HBB/SOD2/PRKCD/IL18RAP/RPS3/MDM2/AREG/STAT1/KDM6B",10
"GO:0031343","positive regulation of cell killing","7/268","25/4243",0.28,4.43298507462687,4.4696425681073,0.000664582238125872,0.017158825889543,0.0147993177165235,"HLA-A/B2M/HLA-C/HLA-B/IL18RAP/HLA-E/HLA-F",7
"GO:0045321","leukocyte activation","41/268","394/4243",0.104060913705584,1.6475017046746,3.50347670440323,0.000730972791690404,0.0187116539411347,0.0161386165614777,"HLA-A/B2M/ANXA1/BRD2/CD55/SAMSN1/STAT3/EP300/PRKCD/RIPOR2/PRKDC/DOCK8/MYD88/IL18RAP/PAG1/TNFRSF1B/MSN/HLA-E/RPS3/PIK3R1/APBB1IP/CEACAM1/CD93/PELI1/IRS2/PRKCB/PRKAR1A/CD74/LAT2/IKZF1/FGR/ADAM10/HLA-DQB1/FOSL2/KMT2E/INPP5D/ADAM17/HLA-F/NLRP3/XBP1/SIRPB1",41
"GO:0001910","regulation of leukocyte mediated cytotoxicity","8/268","33/4243",0.242424242424242,3.83808231569426,4.24937513390845,0.000791190244997105,0.0198451273706121,0.0171162261901352,"HLA-A/B2M/HLA-C/HLA-B/IL18RAP/HLA-E/CEACAM1/HLA-F",8
"GO:0001959","regulation of cytokine-mediated signaling pathway","13/268","76/4243",0.171052631578947,2.70812058130401,3.90119567519983,0.000795130312011171,0.0198451273706121,0.0171162261901352,"IL1R2/OAS1/ISG15/NAIP/CASP4/HIF1A/IL1R1/IRAK3/CD74/PARP9/CXCR4/OAS3/ADAM17",13
"GO:0050866","negative regulation of cell activation","13/268","76/4243",0.171052631578947,2.70812058130401,3.90119567519983,0.000795130312011171,0.0198451273706121,0.0171162261901352,"ANXA1/SAMSN1/PRKCD/RIPOR2/PAG1/CD9/HLA-E/CEACAM1/PELI1/PRKAR1A/CD74/FGR/INPP5D",13
"GO:0050727","regulation of inflammatory response","21/268","158/4243",0.132911392405063,2.10426506706971,3.67273851492923,0.000807132609707701,0.0199781997196245,0.017230999775752,"S100A9/ANXA1/STAT3/PRKCD/NAIP/ALOX5AP/CASP4/MYD88/BIRC3/TNFRSF1B/FFAR2/TNFAIP6/HLA-E/IL1R1/IER3/FGR/PDCD4/NEAT1/NLRP3/ETS1/ALOX5",21
"GO:0001911","negative regulation of leukocyte mediated cytotoxicity","5/268","13/4243",0.384615384615385,6.08926521239954,4.77134410425084,0.000818563176537411,0.02009505503057,0.01733178632634,"HLA-A/HLA-B/HLA-E/CEACAM1/HLA-F",5
"GO:0002757","immune response-activating signaling pathway","28/268","238/4243",0.117647058823529,1.86259877085162,3.55615118300695,0.000848055400488034,0.020649804263916,0.0178102520564624,"HLA-A/S100A9/OAS1/EP300/PRKCD/PRKDC/NAIP/MYD88/BIRC3/FFAR2/RPS3/USP15/PIK3R1/ANKRD17/CEACAM1/DDX60/IRAK3/PELI1/PRKCB/LAT2/C3AR1/FGR/OAS3/HLA-DQB1/FOSL2/INPP5D/NLRP3/TRAF3IP3",28
"GO:0016032","viral process","27/268","228/4243",0.118421052631579,1.87485271013354,3.52568698800767,0.000950234013542417,0.0229512166980608,0.0197951975316901,"OAS2/IFITM1/CD55/IFI27/PCBP1/CHD1/OAS1/EP300/IFITM3/ISG15/PPIA/PABPC1/SP1/EEF1A1/CHMP1B/MX1/ILF3/CD74/PARP9/TRIM8/CXCR4/STAT1/OAS3/N4BP1/PDCD6IP/TRIM38/ANPEP",27
"GO:0051249","regulation of lymphocyte activation","25/268","205/4243",0.121951219512195,1.93074262832181,3.54656187397455,0.000958918374376788,0.0229756842500678,0.019816300553437,"HLA-A/B2M/ANXA1/BRD2/CD55/SAMSN1/EP300/RIPOR2/PRKDC/DOCK8/MYD88/PAG1/TNFRSF1B/HLA-E/RPS3/PELI1/IRS2/PRKAR1A/CD74/FGR/HLA-DQB1/INPP5D/NLRP3/XBP1/SIRPB1",25
"GO:0050865","regulation of cell activation","28/268","240/4243",0.116666666666667,1.84707711442786,3.50767976106351,0.000968529034525841,0.0230217814159119,0.0198560589033117,"HLA-A/B2M/ANXA1/BRD2/CD55/SAMSN1/EP300/PRKCD/RIPOR2/PRKDC/DOCK8/MYD88/PAG1/TNFRSF1B/CD9/HLA-E/RPS3/CEACAM1/PELI1/IRS2/PRKAR1A/CD74/FGR/HLA-DQB1/INPP5D/NLRP3/XBP1/SIRPB1",28
"GO:0061041","regulation of wound healing","9/268","42/4243",0.214285714285714,3.39259061833689,4.04576695191507,0.000982638635422934,0.0231732497093834,0.0199866988091826,"ANXA1/ANXA2/PRKCD/F3/CD9/CEACAM1/CXCR4/XBP1/ALOX5",9
"GO:2000026","regulation of multicellular organismal development","43/268","426/4243",0.10093896713615,1.59807476701002,3.37896242201673,0.00101694184343185,0.0237948501646749,0.0205228230574157,"B2M/HLA-B/ANXA1/EVI2B/OAS2/BRD2/ANXA2/BTG1/STAT3/GLUL/EP300/F3/ISG15/HCLS1/PRKDC/NIPBL/SP1/LILRB3/AQP3/TNFRSF1B/TNFAIP6/BHLHE40/SORL1/HIF1A/HMGB2/PIK3R1/CEACAM1/SRGN/PRKCB/TRIB1/CD74/GOLGA4/C3AR1/CXCR4/STAT1/ADAM10/XRCC5/INPP5D/NLRP3/XBP1/GTF2I/ETS1/ALOX5",43
"GO:0060284","regulation of cell development","31/268","277/4243",0.111913357400722,1.77182229645994,3.44957039961962,0.00104877030250266,0.0242044424049527,0.0208760923158788,"B2M/HLA-B/ANXA1/EVI2B/BRD2/ANXA2/STAT3/EP300/ISG15/HCLS1/PRKDC/LILRB3/TNFRSF1B/NACA/TNFAIP6/BHLHE40/SORL1/HIF1A/HMGB2/PIK3R1/CEACAM1/TRIB1/CD74/GOLGA4/CXCR4/STAT1/XRCC5/INPP5D/NLRP3/XBP1/ETS1",31
"GO:0022407","regulation of cell-cell adhesion","24/268","195/4243",0.123076923076923,1.94856486796785,3.52085590957607,0.00106375826947379,0.0242044424049527,0.0208760923158788,"HLA-A/B2M/ANXA1/BRD2/CD55/EP300/PRKCD/RIPOR2/DOCK8/PAG1/CD9/HLA-E/RPS3/CEACAM1/PELI1/PRKAR1A/CD74/HLA-DQB1/NLRP3/XBP1/SIRPB1/ETS1/CEACAM6/ALOX5",24
"GO:0045765","regulation of angiogenesis","15/268","98/4243",0.153061224489796,2.42327901309778,3.70105022351895,0.00107338695296631,0.0242044424049527,0.0208760923158788,"BTG1/STAT3/GLUL/F3/SP1/HIF1A/CEACAM1/PRKCB/C3AR1/CXCR4/STAT1/XBP1/GTF2I/ETS1/ALOX5",15
"GO:0010628","positive regulation of gene expression","44/268","440/4243",0.1,1.58320895522388,3.35483775699024,0.00107435942271523,0.0242044424049527,0.0208760923158788,"HLA-A/B2M/ANXA1/OAS2/CD55/ANXA2/STAT3/SLC38A2/OAS1/EP300/F3/ISG15/PRKDC/PABPC1/NAIP/SP1/MYD88/KLK7/FFAR2/CNN2/MSN/HLA-E/RPS3/SORL1/FCGR2A/HIF1A/HMGB2/PIK3R1/IL1R1/IRAK3/PELI1/CD74/C3AR1/MDM2/STAT1/FGR/OAS3/RAD21/ADAM17/HLA-F/NLRP3/XBP1/TRAF3IP3/ETS1",44
"GO:0070661","leukocyte proliferation","18/268","129/4243",0.13953488372093,2.209128774731,3.62092417687301,0.00107561581116578,0.0242044424049527,0.0208760923158788,"HLA-A/ANXA1/CD55/PRKCD/RIPOR2/DOCK8/MYD88/TNFRSF1B/CNN2/MSN/HLA-E/RPS3/PELI1/IRS2/PRKAR1A/CD74/FOSL2/INPP5D",18
"GO:0002762","negative regulation of myeloid leukocyte differentiation","6/268","20/4243",0.3,4.74962686567164,4.3639189095896,0.00109482493863667,0.0242044424049527,0.0208760923158788,"LILRB3/TNFAIP6/PIK3R1/CEACAM1/TRIB1/INPP5D",6
"GO:0001961","positive regulation of cytokine-mediated signaling pathway","7/268","27/4243",0.259259259259259,4.10461580983969,4.20168614220316,0.00110073963355006,0.0242044424049527,0.0208760923158788,"CASP4/HIF1A/IL1R1/CD74/PARP9/CXCR4/ADAM17",7
"GO:0002478","antigen processing and presentation of exogenous peptide antigen","7/268","27/4243",0.259259259259259,4.10461580983969,4.20168614220316,0.00110073963355006,0.0242044424049527,0.0208760923158788,"HLA-A/B2M/CTSD/HLA-E/CD74/HLA-DQB1/HLA-F",7
"GO:0050679","positive regulation of epithelial cell proliferation","11/268","60/4243",0.183333333333333,2.90254975124378,3.85346907307376,0.00110718150566896,0.0242044424049527,0.0208760923158788,"CFLAR/STAT3/F3/SP1/HIF1A/HMGB2/IRS2/AREG/NEAT1/ADAM17/XBP1",11
"GO:0002726","positive regulation of T cell cytokine production","5/268","14/4243",0.357142857142857,5.65431769722815,4.52882315317931,0.00120822108407026,0.0260332528546075,0.0224534232511051,"HLA-A/B2M/CD55/IL1R1/NLRP3",5
"GO:0031342","negative regulation of cell killing","5/268","14/4243",0.357142857142857,5.65431769722815,4.52882315317931,0.00120822108407026,0.0260332528546075,0.0224534232511051,"HLA-A/HLA-B/HLA-E/CEACAM1/HLA-F",5
"GO:0002833","positive regulation of response to biotic stimulus","24/268","197/4243",0.121827411167513,1.92878248352148,3.46591855152121,0.00122950919186156,0.0262129573679585,0.0226084166175099,"S100A9/OAS1/EP300/PRKDC/NAIP/MYD88/IL18RAP/KLK7/BIRC3/FFAR2/HLA-E/USP15/HMGB2/PIK3R1/ANKRD17/DDX60/IRAK3/PELI1/PARP9/OAS3/XRCC5/HLA-F/NLRP3/TRAF3IP3",24
"GO:0006959","humoral immune response","12/268","70/4243",0.171428571428571,2.71407249466951,3.75437955506497,0.00123406577258168,0.0262129573679585,0.0226084166175099,"HLA-A/B2M/S100A9/CD55/FAU/KLK7/LYZ/HLA-E/CD59/HLA-DQB1/KRT6A/ALOX5",12
"GO:0051092","positive regulation of NF-kappaB transcription factor activity","11/268","61/4243",0.180327868852459,2.85496696843651,3.78872641928779,0.00127666038023934,0.0269267453437804,0.0232240516909365,"S100A9/CFLAR/PPIA/MYD88/IL18RAP/RPS3/IRAK3/TRIM8/SLCO3A1/TRIM38/NLRP3",11
"GO:0051251","positive regulation of lymphocyte activation","19/268","142/4243",0.133802816901408,2.11837817952491,3.51942840769287,0.00131600293581982,0.0275624391103522,0.023772331280838,"HLA-A/B2M/ANXA1/BRD2/CD55/EP300/PRKDC/DOCK8/MYD88/HLA-E/RPS3/PELI1/IRS2/CD74/HLA-DQB1/INPP5D/NLRP3/XBP1/SIRPB1",19
"GO:0032944","regulation of mononuclear cell proliferation","14/268","90/4243",0.155555555555556,2.46276948590381,3.64166794971698,0.00133437947851478,0.0277532398482761,0.0239368950312519,"HLA-A/ANXA1/CD55/RIPOR2/MYD88/TNFRSF1B/CNN2/HLA-E/RPS3/PELI1/IRS2/PRKAR1A/CD74/INPP5D",14
"GO:0140962","multicellular organismal-level chemical homeostasis","6/268","21/4243",0.285714285714286,4.52345415778252,4.20245741170271,0.00145271017671727,0.0293937607737143,0.0253518281130638,"B2M/SOD2/OAS1/FBXL5/AQP3/PICALM",6
"GO:2000107","negative regulation of leukocyte apoptotic process","6/268","21/4243",0.285714285714286,4.52345415778252,4.20245741170271,0.00145271017671727,0.0293937607737143,0.0253518281130638,"TSC22D3/HCLS1/DOCK8/HIF1A/IRS2/CD74",6
"GO:0001936","regulation of endothelial cell proliferation","8/268","36/4243",0.222222222222222,3.51824212271973,3.93955022012587,0.00146121806242834,0.0293937607737143,0.0253518281130638,"STAT3/F3/SP1/HIF1A/HMGB2/STAT1/ADAM17/ALOX5",8
"GO:0019730","antimicrobial humoral response","8/268","36/4243",0.222222222222222,3.51824212271973,3.93955022012587,0.00146121806242834,0.0293937607737143,0.0253518281130638,"HLA-A/B2M/S100A9/FAU/KLK7/LYZ/HLA-E/KRT6A",8
"GO:0060759","regulation of response to cytokine stimulus","13/268","81/4243",0.160493827160494,2.54095264418648,3.63550650870481,0.0014703126803445,0.0293937607737143,0.0253518281130638,"IL1R2/OAS1/ISG15/NAIP/CASP4/HIF1A/IL1R1/IRAK3/CD74/PARP9/CXCR4/OAS3/ADAM17",13
"GO:0051222","positive regulation of protein transport","15/268","101/4243",0.148514851485149,2.35130042855032,3.56854942937921,0.00147214160803243,0.0293937607737143,0.0253518281130638,"EP300/PRKCD/HCLS1/PPIA/FFAR2/SORL1/NADK/ASPH/HIF1A/PIK3R1/IRS2/PRKCB/PRKAR1A/MDM2/XBP1",15
"GO:0042060","wound healing","21/268","166/4243",0.126506024096386,2.00285470239166,3.4222037760346,0.00153872072268026,0.0303364885756915,0.026164921523503,"HBB/ANXA1/CFLAR/ANXA2/PRKCD/F3/PPIA/TIMP1/PRRG4/CHMP1B/NACA/CD9/CNN2/HIF1A/CD59/CEACAM1/CXCR4/KRT6A/ADAM17/XBP1/ALOX5",21
"GO:1904951","positive regulation of establishment of protein localization","18/268","133/4243",0.135338345864662,2.14268881158119,3.47629838967795,0.00153961477913359,0.0303364885756915,0.026164921523503,"UBE2D3/EP300/PRKCD/HCLS1/PPIA/LEPROT/FFAR2/SORL1/NADK/ASPH/HIF1A/PIK3R1/IRS2/PRKCB/PRKAR1A/NPEPPS/MDM2/XBP1",18
"GO:0060337","type I interferon-mediated signaling pathway","9/268","45/4243",0.2,3.16641791044776,3.79324976718874,0.00165248646978299,0.0323476926601312,0.0278995651657893,"OAS2/IFITM1/IFI27/OAS1/IFITM3/ISG15/MYD88/STAT1/OAS3",9
"GO:0045089","positive regulation of innate immune response","23/268","190/4243",0.121052631578947,1.91651610369207,3.35592897918901,0.00169206863819795,0.0328079624209909,0.0282965432848121,"S100A9/OAS1/EP300/PRKDC/NAIP/MYD88/IL18RAP/BIRC3/FFAR2/HLA-E/USP15/HMGB2/PIK3R1/ANKRD17/DDX60/IRAK3/PELI1/PARP9/OAS3/XRCC5/HLA-F/NLRP3/TRAF3IP3",23
"GO:0048660","regulation of smooth muscle cell proliferation","10/268","54/4243",0.185185185185185,2.93186843559978,3.70939779129421,0.00171153135667996,0.0328079624209909,0.0282965432848121,"SOD2/PRKDC/MYD88/PIK3R1/TRIB1/MDM2/STAT1/PDCD4/XRCC5/XBP1",10
"GO:0039529","RIG-I signaling pathway","5/268","15/4243",0.333333333333333,5.2773631840796,4.30862234971698,0.00171981639402189,0.0328079624209909,0.0282965432848121,"BIRC3/USP15/ANKRD17/DDX60/OAS3",5
"GO:0070229","negative regulation of lymphocyte apoptotic process","5/268","15/4243",0.333333333333333,5.2773631840796,4.30862234971698,0.00171981639402189,0.0328079624209909,0.0282965432848121,"TSC22D3/DOCK8/HIF1A/IRS2/CD74",5
"GO:0032722","positive regulation of chemokine production","7/268","29/4243",0.241379310344828,3.82153885743695,3.95842054061986,0.00173488236514322,0.0328859030607844,0.0283637663161989,"OAS1/MYD88/FFAR2/HIF1A/CD74/OAS3/ADAM17",7
"GO:2001234","negative regulation of apoptotic signaling pathway","14/268","93/4243",0.150537634408602,2.38332530893918,3.50207877895367,0.00184523654663345,0.0347577575922464,0.0299782223464977,"CFLAR/IFI6/SOD2/PPIA/IVNS1ABP/HIF1A/HMGB2/IER3/CD74/TPT1/MDM2/VDAC2/ITPRIP/XBP1",14
"GO:0001935","endothelial cell proliferation","9/268","46/4243",0.195652173913043,3.09758273848151,3.71375025206913,0.00194332198575425,0.0359274651069999,0.0309870835155356,"STAT3/F3/SP1/HIF1A/HMGB2/STAT1/ADAM17/XBP1/ALOX5",9
"GO:0002761","regulation of myeloid leukocyte differentiation","9/268","46/4243",0.195652173913043,3.09758273848151,3.71375025206913,0.00194332198575425,0.0359274651069999,0.0309870835155356,"EVI2B/HCLS1/LILRB3/TNFAIP6/PIK3R1/CEACAM1/TRIB1/CD74/INPP5D",9
"GO:0071357","cellular response to type I interferon","9/268","46/4243",0.195652173913043,3.09758273848151,3.71375025206913,0.00194332198575425,0.0359274651069999,0.0309870835155356,"OAS2/IFITM1/IFI27/OAS1/IFITM3/ISG15/MYD88/STAT1/OAS3",9
"GO:1903037","regulation of leukocyte cell-cell adhesion","20/268","158/4243",0.126582278481013,2.00406196863782,3.33946728331938,0.00197040963786163,0.0362047660453717,0.0312262528337904,"HLA-A/B2M/ANXA1/BRD2/CD55/EP300/RIPOR2/DOCK8/PAG1/HLA-E/RPS3/PELI1/PRKAR1A/CD74/HLA-DQB1/NLRP3/XBP1/SIRPB1/ETS1/ALOX5",20
"GO:0071674","mononuclear cell migration","13/268","84/4243",0.154761904761905,2.45020433546553,3.48544749271188,0.00206686646757972,0.0377455187219589,0.0325551367871671,"ANXA1/RIPOR2/DOCK8/CD9/WASL/CNN2/MSN/C3AR1/CXCR4/ADAM10/OXSR1/ADAM17/ALOX5",13
"GO:0071375","cellular response to peptide hormone stimulus","17/268","126/4243",0.134920634920635,2.13607557450841,3.36113707467152,0.00214132050181521,0.0386653540020839,0.0333484856237989,"CFLAR/STAT3/PRKCD/PRKDC/SP1/LEPROT/SESN3/CTSD/SORL1/PIK3R1/CEACAM1/IRS2/PRKCB/PRKAR1A/MDM2/STAT1/XBP1",17
"GO:2000401","regulation of lymphocyte migration","7/268","30/4243",0.233333333333333,3.69415422885572,3.84478017427453,0.00214305467924739,0.0386653540020839,0.0333484856237989,"RIPOR2/DOCK8/WASL/MSN/ADAM10/OXSR1/ADAM17",7
"GO:0007159","leukocyte cell-cell adhesion","22/268","182/4243",0.120879120879121,1.91376906675414,3.2714464361496,0.00216749292834173,0.0388721037148711,0.0335268052073785,"HLA-A/B2M/S100A9/ANXA1/BRD2/CD55/EP300/RIPOR2/DOCK8/PAG1/MSN/HLA-E/RPS3/PELI1/PRKAR1A/CD74/HLA-DQB1/NLRP3/XBP1/SIRPB1/ETS1/ALOX5",22
"GO:0042110","T cell activation","27/268","241/4243",0.112033195020747,1.7737195763919,3.21098093601533,0.00218836284976055,0.0390127781847193,0.0336481355470701,"HLA-A/B2M/ANXA1/BRD2/CD55/STAT3/EP300/RIPOR2/PRKDC/DOCK8/PAG1/TNFRSF1B/MSN/HLA-E/RPS3/PIK3R1/APBB1IP/CEACAM1/PELI1/PRKAR1A/CD74/HLA-DQB1/FOSL2/ADAM17/NLRP3/XBP1/SIRPB1",27
"GO:0048659","smooth muscle cell proliferation","10/268","56/4243",0.178571428571429,2.82715884861407,3.57357582198455,0.00227682345194088,0.0401122719915467,0.0345964380870769,"SOD2/PRKDC/MYD88/PIK3R1/TRIB1/MDM2/STAT1/PDCD4/XRCC5/XBP1",10
"GO:0071675","regulation of mononuclear cell migration","10/268","56/4243",0.178571428571429,2.82715884861407,3.57357582198455,0.00227682345194088,0.0401122719915467,0.0345964380870769,"RIPOR2/DOCK8/CD9/WASL/CNN2/MSN/C3AR1/ADAM10/OXSR1/ADAM17",10
"GO:0002696","positive regulation of leukocyte activation","19/268","149/4243",0.12751677852349,2.01885705699689,3.28712814990075,0.0023337838308217,0.0408753366860292,0.035254573843253,"HLA-A/B2M/ANXA1/BRD2/CD55/EP300/PRKDC/DOCK8/MYD88/HLA-E/RPS3/PELI1/IRS2/CD74/HLA-DQB1/INPP5D/NLRP3/XBP1/SIRPB1",19
"GO:0019731","antibacterial humoral response","5/268","16/4243",0.3125,4.94752798507463,4.10726994791094,0.00237405074207756,0.0410998957949265,0.0354482538549336,"HLA-A/B2M/FAU/KLK7/HLA-E",5
"GO:1903901","negative regulation of viral life cycle","5/268","16/4243",0.3125,4.94752798507463,4.10726994791094,0.00237405074207756,0.0410998957949265,0.0354482538549336,"IFITM1/IFITM3/PPIA/CD74/TRIM8",5
"GO:1902622","regulation of neutrophil migration","6/268","23/4243",0.260869565217391,4.13011031797534,3.90797250275621,0.00242805160047357,0.0417931870311399,0.0360462106930559,"RIPOR2/MYD88/TNFAIP6/IL1R1/CD74/C3AR1",6
"GO:0000302","response to reactive oxygen species","12/268","76/4243",0.157894736842105,2.49980361351139,3.42541822557571,0.00256203935978277,0.0429064299845455,0.0370063717360775,"TXNIP/HBB/SOD2/PRKCD/IL18RAP/SESN3/RPS3/HIF1A/MDM2/AREG/STAT1/KDM6B",12
"GO:0033002","muscle cell proliferation","12/268","76/4243",0.157894736842105,2.49980361351139,3.42541822557571,0.00256203935978277,0.0429064299845455,0.0370063717360775,"CFLAR/SOD2/PRKDC/MYD88/PIK3R1/PRKAR1A/TRIB1/MDM2/STAT1/PDCD4/XRCC5/XBP1",12
"GO:1901701","cellular response to oxygen-containing compound","40/268","407/4243",0.0982800982800983,1.55597931717335,3.06267352117482,0.00256627572021404,0.0429064299845455,0.0370063717360775,"B2M/PSCA/CD55/CFLAR/STAT3/SLC38A2/SOD2/EP300/PRKCD/PRKDC/SP1/CASP4/MYD88/IL18RAP/NCOA4/TNFRSF1B/LEPROT/FFAR2/SESN3/CTSD/MSN/RPS3/SORL1/NADK/HIF1A/HMGB2/PIK3R1/CEACAM1/IRAK3/IRS2/PRKCB/PRKAR1A/TRIB1/MDM2/STAT1/PDCD4/KDM6B/XRCC5/NLRP3/XBP1",40
"GO:0019362","pyridine nucleotide metabolic process","10/268","57/4243",0.175438596491228,2.77755957056821,3.50789142203879,0.00261100974043956,0.0429064299845455,0.0370063717360775,"NAMPT/STAT3/EP300/LDHA/NADK/HIF1A/LDHB/IER3/TPI1/PARP9",10
"GO:0046496","nicotinamide nucleotide metabolic process","10/268","57/4243",0.175438596491228,2.77755957056821,3.50789142203879,0.00261100974043956,0.0429064299845455,0.0370063717360775,"NAMPT/STAT3/EP300/LDHA/NADK/HIF1A/LDHB/IER3/TPI1/PARP9",10
"GO:0140888","interferon-mediated signaling pathway","10/268","57/4243",0.175438596491228,2.77755957056821,3.50789142203879,0.00261100974043956,0.0429064299845455,0.0370063717360775,"OAS2/IFITM1/IFI27/OAS1/IFITM3/ISG15/MYD88/PARP9/STAT1/OAS3",10
"GO:1903034","regulation of response to wounding","10/268","57/4243",0.175438596491228,2.77755957056821,3.50789142203879,0.00261100974043956,0.0429064299845455,0.0370063717360775,"ANXA1/ANXA2/STAT3/PRKCD/F3/CD9/CEACAM1/CXCR4/XBP1/ALOX5",10
"GO:0019884","antigen processing and presentation of exogenous antigen","7/268","31/4243",0.225806451612903,3.57498796340876,3.73590678505995,0.00262166166516588,0.0429064299845455,0.0370063717360775,"HLA-A/B2M/CTSD/HLA-E/CD74/HLA-DQB1/HLA-F",7
"GO:0060760","positive regulation of response to cytokine stimulus","7/268","31/4243",0.225806451612903,3.57498796340876,3.73590678505995,0.00262166166516588,0.0429064299845455,0.0370063717360775,"CASP4/HIF1A/IL1R1/CD74/PARP9/CXCR4/ADAM17",7
"GO:0048872","homeostasis of number of cells","18/268","140/4243",0.128571428571429,2.03555437100213,3.23497052567009,0.00275991037399064,0.0449235411418586,0.0387461101703263,"B2M/ANXA1/CFLAR/STAT3/TSC22D3/ISG15/HCLS1/PRKDC/HIF1A/HMGB2/CD74/STAT1/IKZF1/FOSL2/KMT2E/INPP5D/ADAM17/ETS1",18
"GO:0002694","regulation of leukocyte activation","25/268","221/4243",0.113122171945701,1.7909603565881,3.13555182491702,0.00278894937518661,0.045150829073967,0.0389421437650523,"HLA-A/B2M/ANXA1/BRD2/CD55/SAMSN1/EP300/RIPOR2/PRKDC/DOCK8/MYD88/PAG1/TNFRSF1B/HLA-E/RPS3/PELI1/IRS2/PRKAR1A/CD74/FGR/HLA-DQB1/INPP5D/NLRP3/XBP1/SIRPB1",25
"GO:0050670","regulation of lymphocyte proliferation","13/268","87/4243",0.149425287356322,2.3657145307943,3.3416883889962,0.00285018672228488,0.0456487124772364,0.0393715632788466,"HLA-A/ANXA1/CD55/RIPOR2/MYD88/TNFRSF1B/HLA-E/RPS3/PELI1/IRS2/PRKAR1A/CD74/INPP5D",13
"GO:0051091","positive regulation of DNA-binding transcription factor activity","13/268","87/4243",0.149425287356322,2.3657145307943,3.3416883889962,0.00285018672228488,0.0456487124772364,0.0393715632788466,"S100A9/CFLAR/EP300/PPIA/MYD88/IL18RAP/RPS3/IRAK3/ARID5B/TRIM8/SLCO3A1/TRIM38/NLRP3",13
"GO:0002532","production of molecular mediator involved in inflammatory response","8/268","40/4243",0.2,3.16641791044776,3.57418230785047,0.00297961918812355,0.046537881299477,0.0401384625986878,"S100A9/STAT3/IL1R2/ALOX5AP/MYD88/HIF1A/PDCD4/ALOX5",8
"GO:1902106","negative regulation of leukocyte differentiation","8/268","40/4243",0.2,3.16641791044776,3.57418230785047,0.00297961918812355,0.046537881299477,0.0401384625986878,"ANXA1/LILRB3/TNFAIP6/PIK3R1/CEACAM1/TRIB1/CD74/INPP5D",8
"GO:2000106","regulation of leukocyte apoptotic process","8/268","40/4243",0.2,3.16641791044776,3.57418230785047,0.00297961918812355,0.046537881299477,0.0401384625986878,"ANXA1/TSC22D3/HCLS1/DOCK8/HIF1A/IRS2/CD74/ADAM17",8
"GO:0002705","positive regulation of leukocyte mediated immunity","10/268","58/4243",0.172413793103448,2.72967061245497,3.44360900585295,0.00298339673105161,0.046537881299477,0.0401384625986878,"HLA-A/B2M/HLA-C/HLA-B/CD55/IL18RAP/HLA-E/IL1R1/HLA-F/NLRP3",10
"GO:0045766","positive regulation of angiogenesis","10/268","58/4243",0.172413793103448,2.72967061245497,3.44360900585295,0.00298339673105161,0.046537881299477,0.0401384625986878,"BTG1/STAT3/F3/SP1/HIF1A/PRKCB/C3AR1/CXCR4/XBP1/ETS1",10
"GO:0002698","negative regulation of immune effector process","9/268","49/4243",0.183673469387755,2.90793481571733,3.48763897693343,0.00306774462974508,0.0471357758094757,0.0406541407034367,"HLA-A/HLA-B/ANXA1/CD55/HLA-E/CD59/CEACAM1/IRAK3/HLA-F",9
"GO:0050671","positive regulation of lymphocyte proliferation","9/268","49/4243",0.183673469387755,2.90793481571733,3.48763897693343,0.00306774462974508,0.0471357758094757,0.0406541407034367,"HLA-A/ANXA1/CD55/MYD88/HLA-E/RPS3/PELI1/IRS2/CD74",9
"GO:1903035","negative regulation of response to wounding","6/268","24/4243",0.25,3.9580223880597,3.77299715255856,0.00306894032816286,0.0471357758094757,0.0406541407034367,"ANXA2/STAT3/PRKCD/CD9/CEACAM1/ALOX5",6
"GO:0072359","circulatory system development","34/268","334/4243",0.101796407185629,1.61164983465904,3.02362149067834,0.00310026330065872,0.0473739213544534,0.0408595388819361,"ANXA1/CFLAR/ANXA2/BTG1/STAT3/SOD2/GLUL/EP300/F3/PRKDC/NIPBL/SP1/TNFRSF1B/NACA/HIF1A/ANKRD17/CEACAM1/CD93/AKAP13/PRKCB/PRKAR1A/C3AR1/MDM2/CXCR4/STAT1/ADAM10/PDCD4/KDM6B/PDLIM5/XBP1/ANPEP/GTF2I/ETS1/ALOX5",34
"GO:1900087","positive regulation of G1/S transition of mitotic cell cycle","5/268","17/4243",0.294117647058824,4.65649692712906,3.92201354967889,0.00319208873772227,0.0485294709110569,0.0418561889520195,"ANXA1/ANKRD17/MDM2/KMT2E/ADAM17",5
