"task","gene","gene_order","subtype_ref","avg_expr","pct_expr","expr_z","panel","subtype","disease"
"ABC_covid","BANK1",1,"G5c_naive
(FluA)",0.00304324733703078,0.277008310249307,-0.523568009254042,"D","ABC","COVID-19"
"ABC_covid","BANK1",1,"unk_epi
(FluA)",0.0138077127601583,1.59362549800797,-0.523568009254042,"D","ABC","COVID-19"
"ABC_covid","BANK1",1,"hillock
(COVID-19)",0.0184839248149319,2.66666666666667,-0.523568009254042,"D","ABC","COVID-19"
"ABC_covid","BANK1",1,"ABC
(COVID-19)",0.750527907789768,66.1290322580645,-0.523568009254042,"D","ABC","COVID-19"
"ABC_covid","MS4A1",2,"G5c_naive
(FluA)",0,0,-0.5,"D","ABC","COVID-19"
"ABC_covid","MS4A1",2,"unk_epi
(FluA)",0,0,-0.5,"D","ABC","COVID-19"
"ABC_covid","MS4A1",2,"hillock
(COVID-19)",0,0,-0.5,"D","ABC","COVID-19"
"ABC_covid","MS4A1",2,"ABC
(COVID-19)",1.53959827147556,85.4838709677419,-0.5,"D","ABC","COVID-19"
"ABC_covid","HLA-DPB1",3,"G5c_naive
(FluA)",0.00992664525888119,0.831024930747922,-0.495632056704765,"D","ABC","COVID-19"
"ABC_covid","HLA-DPB1",3,"unk_epi
(FluA)",0.00990002649317928,1.19521912350598,-0.495632056704765,"D","ABC","COVID-19"
"ABC_covid","HLA-DPB1",3,"hillock
(COVID-19)",0,0,-0.495632056704765,"D","ABC","COVID-19"
"ABC_covid","HLA-DPB1",3,"ABC
(COVID-19)",1.52900250115134,88.7096774193548,-0.495632056704765,"D","ABC","COVID-19"
"ABC_covid","KLF6",4,"G5c_naive
(FluA)",0.622702530041807,56.786703601108,-1.03653769103794,"D","ABC","COVID-19"
"ABC_covid","KLF6",4,"unk_epi
(FluA)",0.656711405331717,52.5896414342629,-1.03653769103794,"D","ABC","COVID-19"
"ABC_covid","KLF6",4,"hillock
(COVID-19)",0.795928749272498,64,-1.03653769103794,"D","ABC","COVID-19"
"ABC_covid","KLF6",4,"ABC
(COVID-19)",0.745627718600268,61.2903225806452,-1.03653769103794,"D","ABC","COVID-19"
"ABC_covid","EEF1A1",5,"G5c_naive
(FluA)",0.221748463930202,24.3767313019391,-1.09304828721183,"D","ABC","COVID-19"
"ABC_covid","EEF1A1",5,"unk_epi
(FluA)",1.32364878983023,81.2749003984064,-1.09304828721183,"D","ABC","COVID-19"
"ABC_covid","EEF1A1",5,"hillock
(COVID-19)",0.952322515935574,70.6666666666667,-1.09304828721183,"D","ABC","COVID-19"
"ABC_covid","EEF1A1",5,"ABC
(COVID-19)",2.44751452975002,96.7741935483871,-1.09304828721183,"D","ABC","COVID-19"
"G5c_naive_fluA","OAS2",1,"G5c_naive
(FluA)",0.484977454465733,51.5235457063712,1.12979635869697,"A","G5c_naive","FluA"
"G5c_naive_fluA","OAS2",1,"unk_epi
(FluA)",0.368572794409026,35.4581673306773,1.12979635869697,"A","G5c_naive","FluA"
"G5c_naive_fluA","OAS2",1,"hillock
(COVID-19)",0.0885838631086356,12,1.12979635869697,"A","G5c_naive","FluA"
"G5c_naive_fluA","OAS2",1,"ABC
(COVID-19)",0.084798312452061,11.2903225806452,1.12979635869697,"A","G5c_naive","FluA"
"G5c_naive_fluA","IFITM1",2,"G5c_naive
(FluA)",1.16113170780517,83.1024930747922,1.36306351415711,"A","G5c_naive","FluA"
"G5c_naive_fluA","IFITM1",2,"unk_epi
(FluA)",0.527700325395514,43.8247011952191,1.36306351415711,"A","G5c_naive","FluA"
"G5c_naive_fluA","IFITM1",2,"hillock
(COVID-19)",0.0238901262563741,2.66666666666667,1.36306351415711,"A","G5c_naive","FluA"
"G5c_naive_fluA","IFITM1",2,"ABC
(COVID-19)",0.176136384712318,20.9677419354839,1.36306351415711,"A","G5c_naive","FluA"
"G5c_naive_fluA","NAMPT",3,"G5c_naive
(FluA)",2.39569348407164,98.8919667590028,1.4016325919209,"A","G5c_naive","FluA"
"G5c_naive_fluA","NAMPT",3,"unk_epi
(FluA)",0.808078496214251,61.3545816733068,1.4016325919209,"A","G5c_naive","FluA"
"G5c_naive_fluA","NAMPT",3,"hillock
(COVID-19)",0.849774399569865,64,1.4016325919209,"A","G5c_naive","FluA"
"G5c_naive_fluA","NAMPT",3,"ABC
(COVID-19)",0.0978778320684534,11.2903225806452,1.4016325919209,"A","G5c_naive","FluA"
"G5c_naive_fluA","S100A9",4,"G5c_naive
(FluA)",2.52808074151538,98.8919667590028,0.483076623693352,"A","G5c_naive","FluA"
"G5c_naive_fluA","S100A9",4,"unk_epi
(FluA)",2.39586179483263,89.6414342629482,0.483076623693352,"A","G5c_naive","FluA"
"G5c_naive_fluA","S100A9",4,"hillock
(COVID-19)",2.71247780025195,93.3333333333333,0.483076623693352,"A","G5c_naive","FluA"
"G5c_naive_fluA","S100A9",4,"ABC
(COVID-19)",0.0978778320684534,11.2903225806452,0.483076623693352,"A","G5c_naive","FluA"
"G5c_naive_fluA","FTH1",5,"G5c_naive
(FluA)",2.60457113073822,99.1689750692521,0.142066320935983,"A","G5c_naive","FluA"
"G5c_naive_fluA","FTH1",5,"unk_epi
(FluA)",2.68093329477884,95.2191235059761,0.142066320935983,"A","G5c_naive","FluA"
"G5c_naive_fluA","FTH1",5,"hillock
(COVID-19)",3.41679982800251,100,0.142066320935983,"A","G5c_naive","FluA"
"G5c_naive_fluA","FTH1",5,"ABC
(COVID-19)",1.18623588271646,87.0967741935484,0.142066320935983,"A","G5c_naive","FluA"
"hillock_covid","KRT15",1,"G5c_naive
(FluA)",0,0,-0.701790313525056,"C","hillock","COVID-19"
"hillock_covid","KRT15",1,"unk_epi
(FluA)",0.350772358160883,28.2868525896414,-0.701790313525056,"C","hillock","COVID-19"
"hillock_covid","KRT15",1,"hillock
(COVID-19)",1.08469898181626,77.3333333333333,-0.701790313525056,"C","hillock","COVID-19"
"hillock_covid","KRT15",1,"ABC
(COVID-19)",0,0,-0.701790313525056,"C","hillock","COVID-19"
"hillock_covid","GCNT3",2,"G5c_naive
(FluA)",0.00192007529240982,0.277008310249307,-0.81107438211424,"C","hillock","COVID-19"
"hillock_covid","GCNT3",2,"unk_epi
(FluA)",0.718759493815335,50.199203187251,-0.81107438211424,"C","hillock","COVID-19"
"hillock_covid","GCNT3",2,"hillock
(COVID-19)",1.22412489402982,73.3333333333333,-0.81107438211424,"C","hillock","COVID-19"
"hillock_covid","GCNT3",2,"ABC
(COVID-19)",0,0,-0.81107438211424,"C","hillock","COVID-19"
"hillock_covid","TMPRSS11B",3,"G5c_naive
(FluA)",0.00384015058481964,0.554016620498615,-0.6939919807386,"C","hillock","COVID-19"
"hillock_covid","TMPRSS11B",3,"unk_epi
(FluA)",0.630913041648705,41.0358565737052,-0.6939919807386,"C","hillock","COVID-19"
"hillock_covid","TMPRSS11B",3,"hillock
(COVID-19)",2.01317537961014,89.3333333333333,-0.6939919807386,"C","hillock","COVID-19"
"hillock_covid","TMPRSS11B",3,"ABC
(COVID-19)",0,0,-0.6939919807386,"C","hillock","COVID-19"
"hillock_covid","EMP1",4,"G5c_naive
(FluA)",0.0096003764620491,1.38504155124654,-0.848406059893351,"C","hillock","COVID-19"
"hillock_covid","EMP1",4,"unk_epi
(FluA)",1.95491005317145,84.0637450199203,-0.848406059893351,"C","hillock","COVID-19"
"hillock_covid","EMP1",4,"hillock
(COVID-19)",2.53009816712108,96,-0.848406059893351,"C","hillock","COVID-19"
"hillock_covid","EMP1",4,"ABC
(COVID-19)",0,0,-0.848406059893351,"C","hillock","COVID-19"
"hillock_covid","KRT13",5,"G5c_naive
(FluA)",0.0115204517544589,1.66204986149584,-0.770644238272086,"C","hillock","COVID-19"
"hillock_covid","KRT13",5,"unk_epi
(FluA)",1.57671223744968,68.9243027888446,-0.770644238272086,"C","hillock","COVID-19"
"hillock_covid","KRT13",5,"hillock
(COVID-19)",3.29991594826537,98.6666666666667,-0.770644238272086,"C","hillock","COVID-19"
"hillock_covid","KRT13",5,"ABC
(COVID-19)",0,0,-0.770644238272086,"C","hillock","COVID-19"
"unk_epi_fluA","SPRR1B",1,"G5c_naive
(FluA)",0.00384015058481964,0.554016620498615,-0.78795043513995,"B","unk_epi","FluA"
"unk_epi_fluA","SPRR1B",1,"unk_epi
(FluA)",1.10672664707695,60.5577689243028,-0.78795043513995,"B","unk_epi","FluA"
"unk_epi_fluA","SPRR1B",1,"hillock
(COVID-19)",0.578930580134327,41.3333333333333,-0.78795043513995,"B","unk_epi","FluA"
"unk_epi_fluA","SPRR1B",1,"ABC
(COVID-19)",0,0,-0.78795043513995,"B","unk_epi","FluA"
"unk_epi_fluA","PPP1CB",2,"G5c_naive
(FluA)",0.265014179992827,29.0858725761773,-0.640732706835643,"B","unk_epi","FluA"
"unk_epi_fluA","PPP1CB",2,"unk_epi
(FluA)",1.22446170072126,76.4940239043825,-0.640732706835643,"B","unk_epi","FluA"
"unk_epi_fluA","PPP1CB",2,"hillock
(COVID-19)",0.792363562148685,66.6666666666667,-0.640732706835643,"B","unk_epi","FluA"
"unk_epi_fluA","PPP1CB",2,"ABC
(COVID-19)",0.0959781056868988,12.9032258064516,-0.640732706835643,"B","unk_epi","FluA"
"unk_epi_fluA","PSCA",3,"G5c_naive
(FluA)",0.0096003764620491,1.38504155124654,-0.83412277584421,"B","unk_epi","FluA"
"unk_epi_fluA","PSCA",3,"unk_epi
(FluA)",1.90881702099882,90.4382470119522,-0.83412277584421,"B","unk_epi","FluA"
"unk_epi_fluA","PSCA",3,"hillock
(COVID-19)",1.32662317962827,86.6666666666667,-0.83412277584421,"B","unk_epi","FluA"
"unk_epi_fluA","PSCA",3,"ABC
(COVID-19)",0,0,-0.83412277584421,"B","unk_epi","FluA"
"unk_epi_fluA","ANXA1",4,"G5c_naive
(FluA)",0.185989346023308,19.9445983379501,-0.77396826407503,"B","unk_epi","FluA"
"unk_epi_fluA","ANXA1",4,"unk_epi
(FluA)",3.03794168079383,92.8286852589641,-0.77396826407503,"B","unk_epi","FluA"
"unk_epi_fluA","ANXA1",4,"hillock
(COVID-19)",2.07059031990227,86.6666666666667,-0.77396826407503,"B","unk_epi","FluA"
"unk_epi_fluA","ANXA1",4,"ABC
(COVID-19)",0.0111797932348378,1.61290322580645,-0.77396826407503,"B","unk_epi","FluA"
"unk_epi_fluA","B2M",5,"G5c_naive
(FluA)",2.93444171487961,99.7229916897507,1.18005078856042,"B","unk_epi","FluA"
"unk_epi_fluA","B2M",5,"unk_epi
(FluA)",2.45015127124857,98.804780876494,1.18005078856042,"B","unk_epi","FluA"
"unk_epi_fluA","B2M",5,"hillock
(COVID-19)",1.59663750920396,86.6666666666667,1.18005078856042,"B","unk_epi","FluA"
"unk_epi_fluA","B2M",5,"ABC
(COVID-19)",2.08349498883436,98.3870967741936,1.18005078856042,"B","unk_epi","FluA"
