target_class,gene,attr_mean_signed,attr_mean_abs,attr_pos_frac,n_cells
flua,HLA-A,0.04600505981673241,0.05152527318578386,0.4644215100488865,1841
flua,B2M,0.03804414098124217,0.04071816907247598,0.7012493210211841,1841
flua,HLA-C,0.03351213972831407,0.044857551389773986,0.4665942422596415,1841
flua,MT-RNR2,0.031055411555597406,0.03301088218129503,0.6854970124932103,1841
flua,FTH1,0.02637437800231801,0.026657580358058715,0.8745247148288974,1841
flua,PSCA,0.025267633939812458,0.02537790955828947,0.14665942422596415,1841
flua,PPP1CB,0.02363126314184965,0.023826064152409367,0.3644758283541554,1841
flua,S100A9,0.023345326710368937,0.02406625673862853,0.7131993481803368,1841
flua,NAMPT,0.022592822764633404,0.022837314088988214,0.7810972297664313,1841
flua,HLA-B,0.022393230282049474,0.024826628821236745,0.701792504073873,1841
flua,TXNIP,0.019382739912097314,0.022599943269535874,0.41390548614883216,1841
flua,HBB,0.018246586653588585,0.01922415459143086,0.10917979359043997,1841
flua,ANXA1,0.017000851125771554,0.017508230654200027,0.3492667028788702,1841
flua,EVI2B,0.01658233870701062,0.016856337681469356,0.37316675719717546,1841
flua,UBE2D3,0.014715533276604026,0.015300373516932315,0.5149375339489408,1841
flua,OAS2,0.013186977309160165,0.01325398403493559,0.2808256382400869,1841
flua,RPL31,0.012457446355548712,0.013495540901480292,0.07495926127104835,1841
flua,IFITM1,0.012396266915628536,0.013333417293107231,0.423139598044541,1841
flua,BRD2,0.011457107046549246,0.012978585775878881,0.3020097772949484,1841
flua,MT-CO1,0.01144178450463713,0.01182163461014863,0.22270505160239001,1841
flua,SPRR1B,0.011400564860538386,0.011577256481451048,0.07115697990222705,1841
flua,CD55,0.011388477239512931,0.017627946356597767,0.5355784899511136,1841
flua,CFLAR,0.011341223925238779,0.012370298311543296,0.3639326453014666,1841
flua,IFI6,0.011086702970044241,0.011257650086829224,0.3221075502444324,1841
flua,SAMSN1,0.011042080402762782,0.011370024008960714,0.3796849538294405,1841
flua,ANXA2,0.010896158568047104,0.01115756404587654,0.17870722433460076,1841
flua,BTG1,0.010430727864270104,0.010863810049198945,0.45464421510048886,1841
flua,IFI27,0.010420954495360837,0.0105707668524796,0.14340032590983162,1841
flua,PCBP1,0.010173871093376507,0.010540941668424446,0.4823465507876154,1841
flua,STAT3,0.010050153939507695,0.010387829290920466,0.38946224877783814,1841
flua,ATP6V1B2,0.010009841259927092,0.011472782108979274,0.24551873981531777,1841
flua,BCL2A1,0.010004148047087569,0.015005379251524653,0.2677892449755568,1841
flua,LYST,0.009980570142486702,0.010329063036790171,0.23954372623574144,1841
flua,ANXA11,0.009886710884809365,0.009997607337787448,0.25040738728951656,1841
flua,SLC38A2,0.009835829695262772,0.01204860247651369,0.1656708310700706,1841
flua,XAF1,0.009781296677090176,0.010418828716425712,0.32156436719174364,1841
flua,RPLP0,0.009384101277975076,0.009998182461094688,0.11406844106463879,1841
flua,KRT23,0.00906354420990893,0.011195762379379262,0.08908202064095601,1841
flua,TMEM123,0.00881751531624781,0.008938588295081333,0.3639326453014666,1841
flua,SOD2,0.008790460291244232,0.011817747827200447,0.7778381314502988,1841
flua,IL1R2,0.008750799118598345,0.01008992360895707,0.20695274307441608,1841
flua,TPM3,0.008718205730206678,0.01101951072036022,0.3910917979359044,1841
flua,CHD1,0.008621918246967517,0.008921903559593065,0.38674633351439436,1841
flua,OAS1,0.008520762377915856,0.008948903330508164,0.26072786529060293,1841
flua,GLUL,0.008500080116574755,0.013599500683323966,0.33948940793047255,1841
flua,EP300,0.008385136719977222,0.011716330851924478,0.06735469853340575,1841
flua,PRRC2C,0.008341425919519826,0.008945918274210693,0.3085279739272135,1841
flua,MT-RNR1,0.008341172978176752,0.025653113948463552,0.6311787072243346,1841
flua,IFITM3,0.008311461869754719,0.009311131902326391,0.4024986420423683,1841
flua,RP11-561B11.2,0.008200911886986023,0.008634946552357681,0.1276480173818577,1841
flua,PRKCD,0.008186701348275028,0.008379340746492098,0.1461162411732754,1841
flua,TSC22D3,0.008127934006505657,0.008695584788133372,0.24443237370994025,1841
flua,RPL3,0.008089835567846045,0.008251565940058924,0.08039109179793591,1841
flua,CREM,0.008067031279165806,0.00933655635906522,0.20912547528517111,1841
flua,LDHA,0.00802793031247785,0.00813563773484414,0.2688756110809343,1841
flua,ZNF267,0.007987176308419509,0.008005130297460354,0.22868006518196632,1841
flua,MT-CO2,0.007981697653381317,0.008627454825615766,0.17979359043997828,1841
flua,H1F0,0.007976923439406883,0.007987226801178237,0.12547528517110265,1841
flua,F3,0.007945178390269626,0.007961766513055397,0.13525258011950028,1841
flua,ARHGDIB,0.007940048176849878,0.010306530344233702,0.17110266159695817,1841
flua,FBXL5,0.007923381199725356,0.008029416519167111,0.3193916349809886,1841
flua,ISG15,0.007855489412965107,0.011952611600038217,0.2254209668658338,1841
flua,HCLS1,0.007792166544004085,0.007933014351216948,0.3204780010863661,1841
flua,PPP1R18,0.007772889504252666,0.008269732410269286,0.19989136338946226,1841
flua,CPEB4,0.0077065117920241495,0.008415845624944686,0.28354155350353066,1841
flua,HERC6,0.007688521355439113,0.007729157052695395,0.1423139598044541,1841
flua,MT-CO3,0.007650352591554605,0.00992717397627398,0.15317762085822922,1841
flua,MTRNR2L1,0.007511907432679571,0.010952071529053788,0.15697990222705052,1841
flua,STEAP4,0.007383071458789721,0.008162987715423528,0.26833242802824553,1841
flua,RIPOR2,0.007320239824292972,0.007414164838099337,0.4345464421510049,1841
flua,IFIT3,0.007172582218790754,0.014554647907881812,0.25203693644758285,1841
flua,TAP1,0.007091336415666785,0.010359985455425455,0.17164584464964694,1841
flua,PRKDC,0.007087893235673728,0.007300662272394772,0.18468223791417707,1841
flua,TMEM154,0.007051906299548166,0.007918023006026348,0.24171645844649647,1841
flua,SAMD9,0.007047753983431702,0.009750141956960294,0.27430744160782183,1841
flua,MALAT1,0.007032513436352928,0.012858488033932879,0.6588810429114612,1841
flua,PPIA,0.006940890909443239,0.007866127480232217,0.06463878326996197,1841
flua,HSPB8,0.006906413001204106,0.00697418865542869,0.11406844106463879,1841
flua,RPL14,0.006893949696489613,0.006928940281870894,0.11678435632808257,1841
flua,PABPC1,0.006837561979509449,0.010332094892932306,0.27322107550244434,1841
flua,TIMP1,0.006820548598951519,0.007818580466984797,0.08636610537751223,1841
flua,SDCBP,0.0067892314371435876,0.008312495335297116,0.43183052688756113,1841
flua,NIPBL,0.006787423473428217,0.007036440683521699,0.2351982618142314,1841
flua,SPRR1A,0.006772745792217257,0.007013421554759849,0.05866376969038566,1841
flua,CD300E,0.006767891189068281,0.007217677451249279,0.052688756110809344,1841
flua,ITM2B,0.006764610562552452,0.007865026941252816,0.5073329712112982,1841
flua,LLNLF-96A1.1,0.006712403980077187,0.009227630833547313,0.200434546442151,1841
flua,RPL7,0.006655497346447739,0.007367430741978138,0.022813688212927757,1841
flua,NAIP,0.006567289336700355,0.014718322246246918,0.09614340032590983,1841
flua,SMCHD1,0.006563525680312963,0.014901955042890335,0.423139598044541,1841
flua,RNF130,0.0065565440380851705,0.007133173495773904,0.1200434546442151,1841
flua,PRRG4,0.0065298260132428555,0.00688898395635653,0.08799565453557849,1841
flua,DOCK8,0.006496030527699713,0.006856227211658233,0.25312330255296034,1841
flua,ALOX5AP,0.006493882817913824,0.007589968240079771,0.29766431287343836,1841
flua,SP1,0.006434508521941484,0.006488189222630051,0.1499185225420967,1841
flua,EEF1A1,0.006425300918343451,0.010526492746545853,0.24225964149918522,1841
flua,NCF2,0.006279368005138516,0.009129240250924176,0.2552960347637154,1841
flua,CASP4,0.006274292724068433,0.00651364146627077,0.329712112982075,1841
flua,PPP4R2,0.006254758649909872,0.006853904233135521,0.11895708853883759,1841
flua,LILRB3,0.006211525396864289,0.007257159016237254,0.2618142313959804,1841
flua,DIAPH1,0.006203058700338775,0.006269175314437042,0.25692558392178166,1841
flua,MYD88,0.006197741842995125,0.006261919177400878,0.2922324823465508,1841
flua,CHD2,0.006162761753583848,0.009673020442758546,0.17218902770233568,1841
flua,AQP3,0.006154738825056368,0.006283022016124969,0.09342748506246605,1841
flua,FAU,0.006126256220524302,0.006240515195193464,0.048343291689299295,1841
flua,IL18RAP,0.0061220164830143335,0.009541964831234385,0.07387289516567083,1841
flua,ATP1B1,0.006091742744463931,0.006094478382357173,0.1510048886474742,1841
flua,NCOA4,0.006091207099925688,0.0062157268160908585,0.23791417707767518,1841
flua,KLK7,0.00603223318463755,0.006695644452455638,0.06572514937533949,1841
flua,PAG1,0.006029764976451605,0.00612219844149028,0.18522542096686584,1841
flua,CMTM6,0.006001314232282701,0.006946586594511671,0.27322107550244434,1841
flua,BIRC3,0.005954997115229731,0.006136516563387943,0.0977729494839761,1841
flua,HCP5,0.0059454918053407895,0.006174160174657183,0.11298207495926127,1841
flua,SSH2,0.005832614982424791,0.007279576016372471,0.10700706137968495,1841
flua,RPS11,0.005803506666595103,0.006394915244279512,0.16784356328082564,1841
flua,UPP1,0.005792251043932261,0.00591225039450647,0.19391634980988592,1841
flua,MXD1,0.005672886833980566,0.009998822684912239,0.3041825095057034,1841
flua,TNFRSF1B,0.005652020481505645,0.006254687051388441,0.4177077675176534,1841
flua,LEPROT,0.005589149195735284,0.006338542962668383,0.09234111895708853,1841
flua,FKBP5,0.005577280225069351,0.005656815176988542,0.1966322650733297,1841
flua,DDX3Y,0.005576006550390409,0.007554691422493933,0.11026615969581749,1841
flua,FFAR2,0.005575822085538745,0.012529174136053539,0.2601846822379142,1841
flua,CHMP1B,0.005564499298380743,0.00600316050719917,0.17653449212384573,1841
flua,RPAP2,0.005502942166433329,0.005526642333807212,0.07387289516567083,1841
flua,NSMAF,0.005472827368880794,0.005606717195833332,0.1548071700162955,1841
flua,IVNS1ABP,0.005428223742707341,0.007972695083154537,0.3856599674090168,1841
flua,NACA,0.005385751680697131,0.005447691983337444,0.14177077675176533,1841
flua,TNFAIP6,0.00534887726093394,0.010153049306659709,0.15426398696360674,1841
flua,CD9,0.00534413480956162,0.005407815027146285,0.11569799022270505,1841
flua,WASL,0.005326403876071485,0.005331132374299182,0.0977729494839761,1841
flua,PCNX1,0.005298429895708381,0.007139961015167993,0.11950027159152635,1841
flua,GLTSCR2,0.005244592401223831,0.005335789357222483,0.057577403585008145,1841
flua,HNRNPA1,0.005243443189384107,0.0053321988499404165,0.09288430200977729,1841
flua,SESN3,0.005221280021064837,0.005285806939363002,0.04182509505703422,1841
flua,IFI44L,0.0051749992340657455,0.008366008286628951,0.11787072243346007,1841
flua,CTSD,0.005128714155318749,0.005167218545398138,0.22487778381314502,1841
flua,MX1,0.005098645979541595,0.007551702693517541,0.4720260727865291,1841
flua,DENND3,0.005064877765157069,0.005865425330782506,0.11026615969581749,1841
flua,CNN2,0.005063647824192358,0.005403882358982018,0.21510048886474742,1841
flua,MSN,0.005044568307790855,0.007086619350296333,0.267246061922868,1841
flua,LYZ,0.005040531888470612,0.005866317639996474,0.14394350896252037,1841
flua,HLA-E,0.0050105467501426765,0.008280909924258492,0.4220532319391635,1841
flua,AFF4,0.004988783862217168,0.005237399058650202,0.19228680065181966,1841
flua,MMP25,0.004986338598409841,0.00659031385332265,0.17381857686040195,1841
flua,CDC42SE1,0.004969812713114222,0.005197758966978965,0.23574144486692014,1841
flua,RPS3,0.004943469828394349,0.005362791805500281,0.11732753938077133,1841
flua,BHLHE40,0.004933950994598807,0.004979837799140256,0.15317762085822922,1841
flua,PPP2R5C,0.004880126637529575,0.005198390488672166,0.12438891906572515,1841
flua,USP15,0.004774696975217961,0.005058153403446378,0.3900054318305269,1841
flua,SORL1,0.004768566974620338,0.006775385385003834,0.21238457360130364,1841
flua,NADK,0.00474927722112696,0.005048379409271113,0.23193916349809887,1841
flua,ASPH,0.0047457441945582025,0.007677944493416792,0.07984790874524715,1841
flua,ABHD5,0.004719966524753604,0.005034471391045095,0.20532319391634982,1841
flua,FCGR2A,0.0047170008051612335,0.009071582615666905,0.3269961977186312,1841
flua,HIF1A,0.00466189681492151,0.011166131193711666,0.1683867463335144,1841
flua,HMGB2,0.004625834183669297,0.00491288860997773,0.10483432916892993,1841
flua,EVI2A,0.004564872472903639,0.004976017666714532,0.14665942422596415,1841
flua,GADD45B,0.004547005621458382,0.005992686963806587,0.2748506246605106,1841
flua,PIK3R1,0.004543065162510133,0.0049120692512458555,0.045084193373166756,1841
flua,APBB1IP,0.004515753015835346,0.005174964860623975,0.26833242802824553,1841
flua,CD59,0.004509559426292786,0.0045350224633601485,0.23411189570885388,1841
flua,PLEKHO2,0.00449722899642046,0.004750741954279749,0.09560021727322107,1841
flua,IL1R1,0.004487389568107922,0.0051212081304229775,0.1461162411732754,1841
flua,ILF3,0.004475711122213871,0.004481493232853706,0.08147745790331341,1841
flua,ANKRD17,0.004461265446811445,0.004575385510241578,0.10266159695817491,1841
flua,TMPRSS11D,0.004459708336930943,0.004569388516520447,0.10809342748506247,1841
flua,CEACAM1,0.004449898415001788,0.005455782446789716,0.058120586637696904,1841
flua,LDHB,0.0044387327766401054,0.004532581565159007,0.03910917979359044,1841
flua,CD93,0.004357643329727098,0.0052949728392113135,0.09885931558935361,1841
flua,MYO1F,0.004342843601879771,0.00459073562456304,0.20695274307441608,1841
flua,SRGN,0.004321664869218725,0.008125323953996334,0.5736013036393265,1841
flua,GNS,0.004281789345675872,0.0043885182793667495,0.13199348180336773,1841
flua,EEF1D,0.004280700532963326,0.004407431562023925,0.1596958174904943,1841
flua,KRT80,0.004242574091391645,0.004543048417168361,0.06409560021727322,1841
flua,DDX60,0.004241326834959935,0.004281600113676852,0.17599130907115698,1841
flua,PPP4R1,0.004240393531111629,0.005287325929391002,0.1374253123302553,1841
flua,SVIL,0.004235143645207202,0.0050657925968468675,0.08039109179793591,1841
flua,GALNT5,0.0042247112723050205,0.004380734980365363,0.11406844106463879,1841
flua,SPAG9,0.0042010126782137044,0.005369976264086189,0.2552960347637154,1841
flua,IRAK3,0.004141678551028825,0.004187189823644826,0.18359587180879958,1841
flua,RPS27A,0.004125173405492713,0.004431224076531621,0.09234111895708853,1841
flua,AKAP13,0.0040780402717951,0.006317771226572381,0.23193916349809887,1841
flua,S100A11,0.004063235378294519,0.004275479347387906,0.24063009234111896,1841
flua,IFI44,0.004055581671235873,0.00439316251237777,0.24660510592069526,1841
flua,PELI1,0.004051173764489903,0.005270980780115599,0.3568712656165128,1841
flua,FCGR3B,0.00400407949649961,0.010549125287404596,0.19120043454644214,1841
flua,IRS2,0.004000103741576657,0.004194071412183615,0.20912547528517111,1841
flua,PRKCB,0.003989697967710086,0.004647132415994233,0.1249321021184139,1841
flua,KCNQ1OT1,0.003985492701402935,0.004240451238964447,0.06626833242802825,1841
flua,PARP8,0.003956811879961339,0.003976195129944798,0.17055947854426942,1841
flua,PRKAR1A,0.003930419680421149,0.0042743855841469985,0.13796849538294406,1841
flua,TOP1,0.003913540888875157,0.0043496997953108765,0.2542096686583379,1841
flua,RP11-186B7.4,0.003906961914914772,0.004730239542912427,0.16295491580662683,1841
flua,ASAH1,0.0039045297601935595,0.0049525244259627085,0.267246061922868,1841
flua,RAB37,0.003894825437647988,0.005043342064040177,0.014665942422596416,1841
flua,IER3,0.0038911890266852688,0.004687400226163061,0.28354155350353066,1841
flua,HIST1H2AC,0.003878352476616776,0.004649482305237031,0.08527973927213471,1841
flua,PSMB9,0.003864311149757657,0.004795870112861258,0.12982074959261272,1841
flua,WTAP,0.003859582117322118,0.004334056832904015,0.16132536664856056,1841
flua,NT5C2,0.0038570350907148063,0.004134365496575217,0.2390005431830527,1841
flua,TRIB1,0.0038502576625878107,0.0054269564226229255,0.17218902770233568,1841
flua,KLF3,0.0038329647517055354,0.00394947476794317,0.16621401412275938,1841
flua,CD74,0.0038277374247634366,0.0060269587057592555,0.04182509505703422,1841
flua,LAT2,0.003820173798502301,0.003990804563068553,0.15915263443780553,1841
flua,TPI1,0.003781695621030477,0.004532971617192564,0.16730038022813687,1841
flua,GOLGA4,0.00377404251293214,0.0038343282362839765,0.15697990222705052,1841
flua,ARID5B,0.003771894300302884,0.0038880378970069965,0.09451385116784357,1841
flua,C3AR1,0.0037136889922309672,0.006995219544045696,0.09288430200977729,1841
flua,PARP9,0.003688986539144609,0.0039059338076389205,0.27322107550244434,1841
flua,TRIM8,0.0036844246829053034,0.0038755325674363155,0.10157523085279739,1841
flua,PLEKHA2,0.003672471551992513,0.003976869490452916,0.09451385116784357,1841
flua,TPT1,0.0036614245428040516,0.01634797792211944,0.6040195545898968,1841
flua,WDR82,0.00365228275705224,0.00412451275631923,0.06789788158609451,1841
flua,C4orf3,0.0036444298676146817,0.0038917179926137185,0.25475285171102663,1841
flua,NPEPPS,0.0036312470729586745,0.003897093380115914,0.13036393264530147,1841
flua,MDM2,0.0036301969951205867,0.004134111119801506,0.06898424769147203,1841
flua,JMY,0.0036288527951417477,0.0036332451653429535,0.08962520369364475,1841
flua,RP5-900K19.2,0.0036272443497087047,0.003973947191435899,0.17599130907115698,1841
flua,MTRNR2L12,0.0036242774113282228,0.004566512215656918,0.021184139054861488,1841
flua,VDAC2,0.0035937926547357987,0.0036008726630414522,0.10863661053775123,1841
flua,CXCR4,0.0035878818609641986,0.005026000821512721,0.1955458989679522,1841
flua,AREG,0.0035651469123102056,0.003660840969300024,0.07224334600760456,1841
flua,ACOT9,0.003550516559207677,0.0038377651433819083,0.10646387832699619,1841
flua,STAT1,0.0035491494693586454,0.004864069226965317,0.25692558392178166,1841
flua,PNRC1,0.00354180533372145,0.004957781929577388,0.3476371537208039,1841
flua,HMGN1,0.0035348726018640023,0.004122462028527247,0.0706137968495383,1841
flua,IKZF1,0.003531613854346377,0.0036635273996192207,0.0977729494839761,1841
flua,FGR,0.0035303897963708296,0.004070722903208458,0.19337316675719718,1841
flua,OAS3,0.003516228594359401,0.006749381519153933,0.1906572514937534,1841
flua,BTF3,0.003498248780214029,0.0036241015594397985,0.14502987506789788,1841
flua,ARRDC2,0.0034819456931033626,0.003625995698569586,0.07224334600760456,1841
flua,N4BP1,0.003443536195359691,0.00421466729778236,0.21292775665399238,1841
flua,ADAM10,0.003431070822613321,0.0035860065708725043,0.1656708310700706,1841
flua,GLIPR1,0.0034242759619084215,0.003840653073510063,0.14665942422596415,1841
flua,C19orf59,0.003423386417321217,0.004653101601819511,0.11298207495926127,1841
flua,RANBP9,0.0034211627817280197,0.003913984115456576,0.06409560021727322,1841
flua,FAM83D,0.0033976321137347853,0.003491190621186208,0.040195545898967955,1841
flua,HLA-DQB1,0.003396674622627282,0.004433925788685688,0.035850081477457905,1841
flua,FOSL2,0.003380863953610434,0.004424952340880404,0.1309071156979902,1841
flua,NSD3,0.0033553336392369753,0.0036668112189880797,0.12656165127648017,1841
flua,BEST1,0.0033531232389466133,0.007944684449354636,0.08799565453557849,1841
flua,R3HCC1L,0.0033420998484729944,0.0035358611016247437,0.03476371537208039,1841
flua,RNF19B,0.0033375123148457245,0.003444528730261397,0.19608908202064096,1841
flua,TRIM33,0.003314545020179814,0.003715109361344741,0.09722976643128735,1841
flua,ITPRIP,0.0033104022370933645,0.003383188917706804,0.21835958718087994,1841
flua,MAN2A2,0.00329762181122461,0.003412108772243578,0.11787072243346007,1841
flua,GNG10,0.0032973455094177395,0.003514761767880804,0.20532319391634982,1841
flua,SON,0.0032957885768477003,0.004053220498875908,0.20858229223248234,1841
flua,PDCD4,0.003291781495548107,0.003329881045907647,0.08745247148288973,1841
flua,PICALM,0.0032899544935011786,0.004488710736949958,0.19717544812601848,1841
flua,RP11-213H15.3,0.0032894878274756585,0.004360755206384716,0.10592069527430745,1841
flua,PDCD6IP,0.0032885659416244124,0.0034297207104308264,0.11569799022270505,1841
flua,ZNF117,0.0032876848998453743,0.0033033579043610984,0.12656165127648017,1841
flua,OXSR1,0.003281525589145279,0.0036448738671786625,0.12384573601303639,1841
flua,ATP6AP1,0.0032744350289700313,0.003533030410905787,0.06952743074416078,1841
flua,RAD21,0.0032701774852907832,0.003788909628493575,0.19608908202064096,1841
flua,KRT78,0.0032592503226092535,0.0034206896254692647,0.037479630635524175,1841
flua,KDM6B,0.0032504486918676035,0.004824875595451761,0.08039109179793591,1841
flua,EML4,0.003250257004839548,0.003307839511554245,0.13688212927756654,1841
flua,KRT6A,0.0032443084777067257,0.0034057344251809596,0.09994568169473113,1841
flua,PDLIM5,0.0032195665787334822,0.003886448932201528,0.05866376969038566,1841
flua,CNOT6L,0.0032173397959428013,0.003233282924475455,0.08310700706137969,1841
flua,VNN3,0.003201747585936879,0.003380770837541089,0.09451385116784357,1841
flua,XRCC5,0.003199387526889329,0.0034024064802948644,0.11732753938077133,1841
flua,KMT2E,0.0031928303337866912,0.004354657952323159,0.1906572514937534,1841
flua,EPSTI1,0.0031909995906091396,0.003500302661653448,0.2265073329712113,1841
flua,NEAT1,0.003180622918928919,0.012144677393595723,0.2933188484519283,1841
flua,SLCO3A1,0.0031782354378444484,0.00324034750550613,0.07387289516567083,1841
flua,INPP5D,0.003175632745616385,0.003505081803391706,0.057034220532319393,1841
flua,CEP170,0.0031710487043223002,0.003980227297355078,0.08636610537751223,1841
flua,CLTC,0.0031481489654486754,0.00318936228302916,0.15752308527973927,1841
flua,TRIM38,0.0031365506955013207,0.006297030882269451,0.10266159695817491,1841
flua,ADAM17,0.0031288913529546347,0.003172559393008302,0.1249321021184139,1841
flua,ZFAS1,0.0031181288208247913,0.003452908411613953,0.11515480717001629,1841
flua,HLA-F,0.003107082568177835,0.0036352478890461742,0.23193916349809887,1841
flua,NLRP3,0.0030774023408643874,0.0032261476901575864,0.05866376969038566,1841
flua,CCDC71L,0.003074757872862131,0.0034113520445754383,0.11026615969581749,1841
flua,CD53,0.0030536652886142294,0.005725191581320465,0.33948940793047255,1841
flua,PTPN12,0.00305191959248879,0.004158630582672432,0.2797392721347094,1841
flua,GAS5,0.0030508368083319868,0.003058781680417799,0.047256925583921784,1841
flua,RP11-514O12.4,0.0030485761849162116,0.0030953558177031102,0.08202064095600217,1841
flua,APOBR,0.0030478138602068085,0.003323390847198475,0.16241173275393808,1841
flua,SERTAD1,0.0030369675039864635,0.0031217929195371872,0.06898424769147203,1841
flua,PSAP,0.0030265573370697896,0.00781362451560338,0.47745790331341664,1841
flua,XBP1,0.003013069851203563,0.0031046802132496166,0.10374796306355241,1841
flua,TRAF3IP3,0.003009109891392594,0.0041402344471010615,0.03476371537208039,1841
flua,SIRPB1,0.0029913535099304576,0.0041726356527036065,0.09397066811515481,1841
flua,ANPEP,0.0029823952503724954,0.0033903075943638745,0.11135252580119501,1841
flua,GTF2I,0.00297539253627587,0.0031041150820572566,0.1928299837045084,1841
flua,CSGALNACT2,0.0029668101756583085,0.003123523383150924,0.14340032590983162,1841
flua,ARPC2,0.002961008396204045,0.005422192227574938,0.354155350353069,1841
flua,USP3,0.002960854334152713,0.004147398290120668,0.09668658337859859,1841
flua,CAP1,0.002948479325242952,0.009643054231879894,0.22596414991852254,1841
flua,ETS1,0.0029401361546694165,0.0035591345813604943,0.028788701792504073,1841
flua,DDX60L,0.0029384262760163227,0.009422242139617365,0.14394350896252037,1841
flua,ZCCHC6,0.0029372912383901885,0.005095230361840312,0.20152091254752852,1841
flua,CEACAM6,0.0029335240642175925,0.0031700163567716954,0.1200434546442151,1841
flua,DNAJB1,0.0029304507241616233,0.005219843285132982,0.060293318848451925,1841
flua,ALOX5,0.0029298771802074943,0.00296658552102522,0.1694731124388919,1841
flua,RRBP1,0.002916490931786285,0.0036592677676729507,0.07821835958718087,1841
